개선된 게임프레스 DPS 기반의 속성별 레이드 성능 | 제작: Hawaii,,,,,,,,,,,,,,,,,,,,,,
시즌: 새로운 발걸음 | 2026년 6월 2일~2026년 9월 8일,,,,,,,,,,,,,,,,,,,,,,
,,,● DPS: 매 초당 가하는 평균 피해량　　● TDO: 살아있는 동안 가하는 누적 피해량,,,,,,,,,,,,,,,,,S,,
2026-09-01,,,※ 모바일 접속 시 [데스크톱 사이트] 모드에서 전체화면으로 볼 수 있습니다,,,,,,,,,,,,,,,,,A,,
,,,🔗,레이드: 자체 제작 시뮬레이터,,,,,,,,,,,,,,,,,,
,,,🔗,맥스배틀: 맥스공격 성능표(테스트),,,,,,,,,,,,,,,,B,,
,,,🔗,레이드: 게임프레스 DPS 성능표(한글),,,,,,,,,,,,,,,,,,
,,,🔗,레이드: 게임프레스 DPS 성능표(영문/원본),,,,,,,,,,,,,,,,,,
제작: Hawaii,최신버전주소: bit.ly/pogoraidspec,,,최신버전: bit.ly/pogoraidspec,,,,,*대단한 기술머신 필요,,,,,,,,● 종합(ER) = (DPS³ × TDO)^(0.25),,,,,
2026-09-01,CP (Lv. 40),,M,레벨 40,3열,포켓몬,N,5열,일반공격,C,7열,차징공격,DPS,TDO,D3T,ER,DPS(%),TDO(%),종합(%),평가,,DPS-TDO 그래프
,,,,,,,,,,,,,44.7,1927.4,80769.9,109.13,41.3,1822.9,106.1,BSS,,
,,,,,,,,,,,,,,,,,0.0,0.0,0.0,FFF,,
,,M,,,이름 재입력,뮤츠(메가X)¹,,격투,카운터*,,격투,폭발펀치++++,47.0,2040.3,212375.5,120.28,113.9,111.9,113.4,SSS,,
,4161,M,,,이름 재입력,루카리오(메가)¹,,격투,발경*,,격투,파동탄,41.3,1822.9,128457.5,106.07,100.0,100.0,100.0,SSS,,
,,M,,,,뮤츠(메가X)²,,격투,카운터*,,격투,기합구슬,39.6,1716.3,106225.2,101.15,95.8,94.2,95.4,AAA,,
격투,,M,,,,번치코(메가),,격투,카운터,,격투,파동탄,40.3,1422.9,93305.4,97.81,97.6,78.1,92.2,AAA,,
,,M,,,,루카리오(메가)²,,격투,카운터,,격투,파동탄,37.3,1645.4,85384.9,95.78,90.3,90.3,90.3,AAA,,
,,,,,,케르디오(각오의 모습),,격투,안다리걸기,,격투,신비의칼,34.9,1657.9,70465.8,91.35,84.5,91.0,86.1,AAA,,
,,M,,,이름 재입력,대여르(메가)¹,,격투,카운터,,격투,깨트리기++++,36.7,1368.1,67353.9,90.13,88.7,75.1,85.0,AAA,,
,,M,,,150MY,뮤츠(메가Y),,격투,카운터*,,격투,기합구슬,34.3,1272.8,51500.7,84.46,83.1,69.8,79.6,ABA,,
,,M,,,이름 재입력,"엘레이드(메가)¹
2026년 9월 8일",,격투,안다리걸기,,격투,성스러운칼,34.5,1204.7,49318.3,83.50,83.4,66.1,78.7,ABA,,
,,S,,,이름 재입력,그림자 번치코,,격투,카운터,,격투,파동탄,36.9,923.7,46412.6,82.14,89.3,50.7,77.4,ABA,,
,,,,,448,루카리오,,격투,발경*,,격투,파동탄,32.2,1189.2,39725.1,79.10,78.0,65.2,74.6,ABA,,
,3698,M,,,,헤라크로스(메가),,격투,카운터,,격투,인파이트,31.1,1180.1,35643.9,76.98,75.4,64.7,72.6,ABA,,
,,S,,,,그림자 노보청,,격투,발경,,격투,폭발펀치,32.9,1007.8,35782.5,76.95,79.6,55.3,72.6,ABA,,
,,,,,639,테라키온,,격투,두번차기,,격투,성스러운칼*,30.3,1243.7,34757.5,75.89,73.5,68.2,71.6,ABA,,
,3698,,,,647OF,케르디오,,격투,안다리걸기,,격투,성스러운칼,27.9,1324.3,28669.6,72.95,67.5,72.7,68.8,BAB,,
,3056,,,,257,번치코,,격투,카운터,,격투,파동탄,30.3,912.4,25504.0,70.73,73.5,50.1,66.7,ABB,,
,2829,S,,,이름 재입력,그림자 괴력몬,,격투,카운터,,격투,폭발펀치,30.3,836.4,23290.1,69.12,73.4,45.9,65.2,ABB,,
,,S,,,이름 재입력,그림자 하리뭉,,격투,발경,,격투,폭발펀치,29.5,860.8,22096.4,68.21,71.4,47.2,64.3,ABB,,
,3745,S,,,이름 재입력,그림자 뮤츠,,격투,카운터*,,격투,기합구슬,30.8,741.1,21580.5,67.95,74.5,40.7,64.1,ABB,,
,4510,M,,,이름 재입력,엘레이드(메가)²,,격투,안다리걸기,,격투,인파이트,27.8,971.8,20777.3,67.27,67.2,53.3,63.4,BBB,,
,3022,M,,,428M,이어롭(메가),,격투,두번차기,,격투,기합구슬,27.5,964.7,20116.9,66.63,66.6,52.9,62.8,BBB,,
,2848,,,,534,노보청,,격투,발경,,격투,폭발펀치,27.1,999.5,19997.4,66.53,65.7,54.8,62.7,BBB,,
,,M,,,65M,후딘(메가),,격투,카운터*,,격투,기합구슬,29.9,685.9,18349.0,65.26,72.4,37.6,61.5,ABB,,
,,,,,,마샤도,,격투,카운터,,격투,인파이트,25.2,1134.3,18074.4,64.25,60.9,62.2,60.6,BBB,,
,,,,,638,코바르온,,격투,두번차기,,격투,성스러운칼*,22.3,1511.2,16677.2,63.67,53.9,82.9,60.0,BAB,,
,3056,M,,,이름 재입력,대여르(메가)²,,격투,카운터,,격투,엄청난힘,25.9,964.8,16687.2,63.59,62.6,52.9,60.0,BBB,,
,,CShield,,,889CS,자마젠타(방패왕),,강철,메탈클로,,격투,인파이트,20.3,1633.5,13723.6,60.62,49.2,89.6,57.2,BAB,,
,3461,,,,68,괴력몬,,격투,카운터,,격투,폭발펀치,25.0,828.7,12964.6,59.70,60.6,45.5,56.3,BBB,,
,3022,,,,795,페로코체,,격투,안다리걸기,,격투,기합구슬,30.3,444.2,12361.9,59.08,73.4,24.4,55.7,ACB,,
,3548,,,,150,뮤츠,,격투,카운터*,,격투,기합구슬,25.5,736.9,12196.5,58.92,61.7,40.4,55.6,BBB,,
,,,,,297,하리뭉,,격투,발경,,격투,폭발펀치,24.3,849.9,12123.1,58.71,58.7,46.6,55.4,BBB,,
,2848,,,,640,비리디온,,격투,두번차기,,격투,성스러운칼*,22.8,1002.0,11941.3,58.14,55.3,55.0,54.8,BBB,,
,,,,,794,매시붕,,격투,카운터,,격투,엄청난힘,23.4,886.2,11404.9,57.90,56.7,48.6,54.6,BBB,,
,2842,DWI,,,145G,썬더(가라르),,격투,카운터,,격투,인파이트,24.2,792.7,11237.4,57.42,58.6,43.5,54.1,BBB,,
,4178,,,,286,버섯모,,격투,발경,,격투,폭발펀치,26.9,583.6,11321.5,57.37,65.1,32.0,54.1,BBB,,
,3033,,,,이름 재입력,저승갓숭,,격투,카운터,,격투,인파이트,21.4,1047.9,10198.5,55.69,51.7,57.5,52.5,BBB,,
,2985,,,,766,내던숭이,,격투,카운터,,격투,엄청난힘,22.3,803.3,8895.0,54.33,54.0,44.1,51.2,BBB,,
,3117,,,,865G,창파나이트(가라르),,격투,카운터,,격투,인파이트,23.4,665.7,8561.0,53.82,56.7,36.5,50.7,BBB,,
제작: Hawaii,최신버전주소: bit.ly/pogoraidspec,,,최신버전: bit.ly/pogoraidspec,,,,,*대단한 기술머신 필요,,,,,,,,● 종합(ER) = (DPS³ × TDO)^(0.25),,,,,
2026-09-01,CP (Lv. 40),,1열,레벨 40,3열,포켓몬,4열,5열,일반공격,6열,7열,차징공격,DPS,TDO,D3T,ER,DPS(%),TDO(%),종합(%),평가,,DPS-TDO 그래프
,,,,,,,,,,,,,38.8,2454.5,74708.1,101.2,34.2,2292.3,96.0,BSA,,
,,,,,,,,,,,,,,,,,0.0,0.0,0.0,FFF,,
,,M,,,이름 재입력,"헬가(메가)¹
2026년 9월 8일",,악,바크아웃,,악,악의파동++++,37.7,2229.1,119725.5,104.1,110.3,97.2,108.4,SAS,,
,5347,M,,,248M,마기라스(메가),,악,물기,,악,세차게휘두르기,30.5,3067.2,86845.9,96.0,89.1,133.8,100.0,ASS,,
,,S,,,이름 재입력,"그림자 다크라이¹
2026년 9월 8일",,악,바크아웃,,악,속임수,34.2,1636.5,65514.9,89.5,100.0,71.4,93.2,SAA,,
,3834,S,,,이름 재입력,그림자 마기라스,,악,물기,,악,세차게휘두르기,30.6,1956.1,56073.8,86.1,89.5,85.3,89.6,AAA,,
악,,S,,,이름 재입력,그림자 삼삼드래,,악,물기,,악,세차게휘두르기*,31.3,1721.7,52737.2,84.8,91.5,75.1,88.3,AAA,,
,3842,M,,,이름 재입력,앱솔(메가)¹,,악,바크아웃,,악,세차게휘두르기*,33.8,1257.9,48772.4,83.1,98.9,54.9,86.6,ABA,,
,,S,,,이름 재입력,그림자 다크라이²,,악,바크아웃,,악,악의파동,31.7,1515.9,48208.3,82.9,92.6,66.1,86.3,ABA,,
,,M,,,이름 재입력,"개굴닌자(메가)
2026년 9월 8일",,악,속여때리기,,악,세차게휘두르기,30.2,1618.4,44451.3,81.2,88.2,70.6,84.6,AAA,,
,3834,M,,,이름 재입력,헬가(메가)²,,악,바크아웃,,악,속임수,28.8,1703.5,40898.1,79.6,84.3,74.3,82.8,AAA,,
,,,,,491,다크라이,,악,바크아웃,,악,속임수,28.4,1632.8,37547.8,77.9,83.1,71.2,81.1,AAA,,
,4717,M,,,130M,갸라도스(메가),,악,물기,,악,깨물어부수기,24.7,2151.1,32243.5,75.0,72.1,93.8,78.1,AAA,,
,3625,S,,,이름 재입력,그림자 포푸니라,,악,바크아웃,,악,속임수,29.6,1236.3,32069.4,74.9,86.5,53.9,78.0,ABA,,
,3005,,,,248,마기라스,,악,물기,,악,세차게휘두르기,25.4,1949.7,31981.6,74.8,74.3,85.1,77.9,AAA,,
,3739,,,,635,삼삼드래,,악,물기,,악,세차게휘두르기*,26.0,1714.8,29989.7,73.6,75.9,74.8,76.7,AAA,,
,,,,,이름 재입력,다크라이²,,악,바크아웃,,악,악의파동,26.3,1512.9,27660.4,72.2,77.0,66.0,75.1,ABA,,
,,M,,,이름 재입력,앱솔(메가)²,,악,바크아웃,,악,악의파동,29.1,1083.1,26742.6,71.5,85.1,47.3,74.5,ABA,,
,,,,,이름 재입력,대도각참,,악,바크아웃,,악,악의파동,22.3,2292.3,25277.2,69.5,65.1,100.0,72.4,BSA,,
,3301,,,,717,이벨타르,,악,바크아웃,,악,악의파동,23.5,1764.9,22781.9,68.7,68.6,77.0,71.6,BAA,,
,,S,,,,그림자 돈크로우,,악,바크아웃,,악,악의파동,28.1,953.9,21123.3,67.5,82.1,41.6,70.2,ABA,,
,,,,,720U,후파(굴레를 벗어난),,고스트,놀래키기,,악,악의파동,24.5,1654.1,24467.2,67.4,71.8,72.2,70.2,AAA,,
,2711,,,,727,어흥염,,악,바크아웃,,악,DD래리어트,24.0,1514.6,20811.6,67.2,70.0,66.1,70.0,ABB,,
,3833,,,,이름 재입력,자루도,,악,물기,,악,악의파동,21.8,1790.4,18497.0,65.3,63.7,78.1,67.9,BAB,,
,4006,,,,461,포푸니라,,악,바크아웃,,악,속임수,24.6,1233.2,18358.1,65.1,71.9,53.8,67.8,ABB,,
,3005,,,,799,악식킹,,악,바크아웃,,악,세차게휘두르기,21.6,1613.5,16331.1,63.2,63.2,70.4,65.9,BAB,,
,2887,,,,571,조로아크,,악,바크아웃,,악,속임수,25.4,883.7,14489.4,61.4,74.3,38.6,63.9,ABB,,
,2571,,,,430,돈크로우,,악,바크아웃,,악,악의파동,23.2,948.1,11914.2,58.5,68.0,41.4,60.9,BBB,,
,,S,,,이름 재입력,그림자 밤선인,,악,기습,,악,보복,24.4,712.4,10339.9,56.4,71.3,31.1,58.8,ABB,,
,2711,,,,553,악비아르,,악,바크아웃,,악,깨물어부수기,20.4,1172.4,9890.0,55.8,59.5,51.2,58.1,BBB,,
,2996,DWI,,,146G,파이어(가라르),,악,기습,,악,보복,18.7,1474.3,9667.3,55.5,54.7,64.3,57.8,BBB,,
,3046,,,,332,밤선인,,악,기습,,악,보복,20.4,714.6,6055.9,49.4,59.6,31.2,51.4,BBB,,
제작: Hawaii,최신버전주소: bit.ly/pogoraidspec,,,최신버전: bit.ly/pogoraidspec,,,,,*대단한 기술머신 필요,,,,,,,,● 종합(ER) = (DPS³ × TDO)^(0.25),,,,,
2026-09-01,CP (Lv. 40),,1열,레벨 40,2열,포켓몬,3열,4열,일반공격,5열,6열,차징공격,DPS,TDO,D3T,ER,DPS(%),TDO(%),종합(%),평가,,DPS-TDO 그래프
,,,,,,,,,,,,,36.9,1512.9,43653.1,88.4,34.5,1296.8,78.0,BSA,,
,,,,,,,,,,,,,,,,,0.0,0.0,0.0,FFF,,
,4346,M,,,719M,디안시(메가),,바위,돌떨구기,,바위,스톤샤워,31.5,1203.3,37626.5,78.0,91.2,92.8,100.0,AAS,,
,,S,,,,그림자 거대코뿌리,,바위,떨어뜨리기,,바위,암석포*,31.1,1166.0,34930.0,75.9,89.9,89.9,97.2,AAA,,
바위,,M,,,248M,마기라스(메가),,바위,떨어뜨리기*,,바위,스톤에지,27.6,1608.9,33911.9,75.3,80.0,124.1,96.5,ASA,,
,,S,,,,그림자 레지기가스,,바위,잠재파워(바위),,노말,묵사발*,31.9,979.0,31721.7,75.1,92.3,75.5,96.2,AAA,,
,5347,S,,,,그림자 램펄드,,바위,떨어뜨리기,,바위,스톤샤워,34.5,749.4,30861.3,74.2,100.0,57.8,95.0,SBA,,
,4118,S,,,이름 재입력,그림자 기가이어스,,노말,록온,,바위,메테오빔*,30.5,1052.1,29785.5,73.5,88.3,81.1,94.2,AAA,,
,3834,S,,,이름 재입력,그림자 견고라스,,바위,돌떨구기,,바위,메테오빔,30.2,1070.1,29398.1,71.8,87.4,82.5,92.0,AAA,,
,,M,,,142M,프테라(메가),,바위,돌떨구기,,바위,스톤샤워,27.6,1191.9,25173.8,69.9,80.1,91.9,89.6,AAA,,
,3298,,,,이름 재입력,킬라플로르,,바위,돌떨구기,,바위,메테오빔,26.8,1087.3,21007.5,67.5,77.7,83.8,86.4,AAA,,
,,S,,,이름 재입력,그림자 마기라스,,바위,떨어뜨리기*,,바위,스톤에지,27.6,1021.5,21580.2,67.3,80.1,78.8,86.2,AAA,,
,3733,S,,,이름 재입력,그림자 보스로라,,바위,떨어뜨리기,,바위,메테오빔,25.0,1239.7,19356.2,65.7,72.4,95.6,84.1,AAA,,
,3000,,,,이름 재입력,거대코뿌리¹,,바위,떨어뜨리기,,바위,암석포*,25.5,1152.9,19195.0,65.3,73.9,88.9,83.7,AAA,,
,3128,,,,이름 재입력,기가이어스¹,,노말,록온,,바위,메테오빔*,25.4,1051.3,17170.2,64.0,73.5,81.1,82.1,AAA,,
,3698,,,,409,램펄드,,바위,떨어뜨리기,,바위,스톤샤워,28.4,739.4,16883.5,63.8,82.2,57.0,81.7,ABA,,
,3228,,,,697,견고라스,,바위,돌떨구기,,바위,메테오빔,25.0,1067.3,16748.4,62.4,72.5,82.3,80.0,AAA,,
,,,,,639,테라키온,,바위,떨어뜨리기,,바위,스톤샤워,24.3,1015.8,14663.6,61.6,70.5,78.3,78.9,AAA,,
,,,,,이름 재입력,기가이어스²,,바위,떨어뜨리기,,바위,메테오빔*,23.9,992.2,13628.9,60.5,69.4,76.5,77.5,BAA,,
,2783,S,,,이름 재입력,그림자 프테라,,바위,돌떨구기,,바위,스톤샤워,26.2,724.3,12962.0,59.2,75.7,55.9,75.9,ABA,,
,3834,M,,,306M,보스로라(메가),,바위,떨어뜨리기,,바위,메테오빔,21.4,1296.8,12629.0,58.9,61.8,100.0,75.4,BSA,,
,4162,,,,248,마기라스,,바위,떨어뜨리기*,,바위,스톤에지,23.0,1018.6,12313.8,58.5,66.5,78.6,74.9,BAA,,
,3733,,,,306,보스로라,,바위,떨어뜨리기,,바위,메테오빔,20.8,1240.4,11213.5,57.3,60.3,95.7,73.4,BAA,,
,,,,,이름 재입력,거대코뿌리²,,바위,떨어뜨리기,,바위,스톤에지,22.3,1010.8,11172.3,57.1,64.5,78.0,73.1,BAA,,
,3000,,,,793,텅비드,,독,독찌르기,,바위,스톤샤워,20.3,1167.9,9738.3,55.7,58.7,90.1,71.3,BAA,,
,3949,S,,,이름 재입력,그림자 딱구리,,바위,돌떨구기,,바위,스톤에지,24.0,726.3,9980.9,55.5,69.4,56.0,71.1,BBA,,
,2949,,,,,차곡차곡,,바위,돌떨구기,,바위,스톤에지,19.7,1236.5,9474.2,54.9,57.1,95.4,70.4,BAA,,
,2802,,,,699,아마루르가,,바위,돌떨구기,,바위,메테오빔,21.3,954.8,9227.0,54.8,61.7,73.6,70.3,BAA,,
,3228,,,,,돌헨진,,바위,돌떨구기,,바위,스톤샤워,21.6,917.9,9220.7,54.8,62.5,70.8,70.3,BAA,,
,2783,,,,142,프테라,,바위,돌떨구기,,바위,스톤샤워,21.6,719.6,7269.9,51.3,62.6,55.5,65.7,BBB,,
,2949,,,,76,딱구리,,바위,돌떨구기,,바위,스톤에지,19.9,725.7,5743.0,48.3,57.7,56.0,61.9,BBB,,
,2734,,,,719,디안시,,바위,돌떨구기,,바위,스톤샤워,18.2,833.5,5009.5,47.1,52.7,64.3,60.4,BBB,,
,3122,,,,377,레지락,,바위,돌떨구기,,바위,스톤에지,17.0,1015.8,4961.3,47.0,49.1,78.3,60.2,BAB,,
제작: Hawaii,최신버전주소: bit.ly/pogoraidspec,,,최신버전: bit.ly/pogoraidspec,,,,,*대단한 기술머신 필요,,,,,,,,● 종합(ER) = (DPS³ × TDO)^(0.25),,,,,
2026-09-01,CP (Lv. 40),,1열,레벨 40,2열,포켓몬,3열,4열,일반공격,5열,6열,차징공격,DPS,TDO,D3T,ER,DPS(%),TDO(%),종합(%),평가,,DPS-TDO 그래프
,,,,,,,,,,,,,39.4,2484.2,74640.2,101.9,34.4,2414.9,100.9,BSS,,
,,,,,,,,,,,,,,,,,0.0,0.0,0.0,FFF,,
,5902,PO,,,이름 재입력,그란돈(원시)¹,,땅,머드샷,,땅,단애의칼*,34.4,2627.5,107096.3,100.9,100.0,108.8,100.0,SSS,,
,,PO,,,이름 재입력,그란돈(원시)²,,땅,머드샷,,땅,지진,31.6,2414.9,76389.1,92.7,91.9,100.0,91.9,ASA,,
땅,5902,M,,,,한카리아스(메가),,땅,머드샷,,땅,대지의힘*,31.2,2556.8,77549.2,91.7,90.6,105.9,90.9,ASA,,
,,S,,,,그림자 그란돈,,땅,머드샷,,땅,단애의칼*,32.4,1548.0,52622.0,84.2,94.1,64.1,83.4,ABA,,
,3962,S,,,이름 재입력,그림자 한카리아스¹,,땅,머드샷,,땅,대지의힘*,29.7,1775.0,46452.2,80.7,86.3,73.5,80.0,AAA,,
,,S,,,,그림자 몰드류,,땅,진흙뿌리기,,땅,열사의대지,31.1,1485.9,44564.8,79.1,90.3,61.5,78.4,ABA,,
,,S,,,이름 재입력,그림자 한카리아스²,,땅,머드샷,,땅,지진,29.0,1741.9,42596.9,79.0,84.3,72.1,78.3,AAA,,
,,S,,,,그림자 랜드로스(화신폼),,땅,머드샷,,땅,열사의폭풍*,33.6,1040.0,39287.4,78.8,97.5,43.1,78.1,ABA,,
,3962,S,,,,그림자 거대코뿌리,,땅,진흙뿌리기,,땅,지진,28.7,1604.6,37946.6,76.9,83.4,66.4,76.2,ABA,,
,,,,,,랜드로스(영물폼)¹,,땅,머드샷,,땅,열사의폭풍*,30.6,1121.9,32199.4,75.0,89.0,46.5,74.3,ABA,,
,,,,,383,그란돈¹,,땅,머드샷,,땅,단애의칼*,27.0,1548.5,30426.0,73.4,78.4,64.1,72.7,ABA,,
,4401,M,,,260M,대짱이(메가),,땅,머드샷,,땅,지진,25.9,1606.6,27833.3,72.6,75.2,66.5,72.0,ABA,,
,3328,,,,445,한카리아스,,땅,머드샷,,땅,대지의힘*,24.6,1767.6,26282.6,70.0,71.5,73.2,69.4,AAB,,
,3962,S,,,이름 재입력,그림자 맘모꾸리,,땅,진흙뿌리기,,땅,10만마력,30.6,923.1,26507.9,69.7,89.0,38.2,69.1,ABB,,
,,,,,,몰드류,,땅,진흙뿌리기,,땅,열사의대지,25.6,1476.3,24846.2,68.4,74.5,61.1,67.8,ABB,,
,4115,,,,이름 재입력,그란돈²,,땅,머드샷,,땅,지진,24.8,1421.7,21608.9,67.4,72.0,58.9,66.8,ABB,,
,2854,,,,이름 재입력,거대코뿌리¹,,땅,진흙뿌리기,,땅,지진,23.8,1599.6,21591.7,66.8,69.2,66.2,66.2,BBB,,
,,S,,,이름 재입력,그림자 골루그,,땅,진흙뿌리기,,땅,대지의힘,27.1,1005.4,19940.8,65.8,78.7,41.6,65.2,ABB,,
,3733,,,,이름 재입력,랜드로스(영물폼)²,,땅,머드샷,,땅,지진,26.7,979.0,18652.8,65.4,77.6,40.5,64.8,ABB,,
,3244,,,,이름 재입력,거대코뿌리²,,땅,진흙뿌리기,,땅,드릴라이너,23.2,1554.9,19440.6,65.0,67.4,64.4,64.5,BBB,,
,3922,S,,,,그림자 하마돈,,땅,모래뿌리기,,땅,대지의힘,24.4,1138.6,16572.2,63.0,70.9,47.1,62.5,ABB,,
,2949,,,,645IF,랜드로스(화신폼),,땅,머드샷,,땅,대지의힘,25.0,930.0,14567.7,61.5,72.7,38.5,60.9,ABB,,
,3588,,,,473,맘모꾸리,,땅,진흙뿌리기,,땅,10만마력,25.3,917.1,14819.5,60.3,73.5,38.0,59.7,ABB,,
,3328,S,,,이름 재입력,그림자 딱구리,,땅,머드샷,,땅,지진,23.7,1064.4,14246.4,60.2,69.0,44.1,59.7,BBB,,
,2974,S,,,이름 재입력,그림자 대짱이,,땅,머드샷,,땅,지진,23.6,996.4,13123.5,60.2,68.6,41.3,59.7,BBB,,
,3179,S,,,이름 재입력,그림자 다투곰(히스이),,노말,몸통박치기,,땅,10만마력*,22.5,1156.1,13177.8,59.5,65.4,47.9,59.0,BBB,,
,2854,,,,112,코뿌리,,땅,진흙뿌리기,,땅,지진,22.1,1254.3,13484.2,59.4,64.1,51.9,58.8,BBB,,
,3013,,,,623,골루그,,땅,진흙뿌리기,,땅,대지의힘,22.4,998.7,11184.4,56.9,65.0,41.4,56.4,BBB,,
,,,,,232,코리갑,,땅,진흙뿌리기,,땅,지진,21.2,1009.9,9597.1,55.0,61.5,41.8,54.5,BBB,,
,2949,,,,,하마돈,,땅,모래뿌리기,,땅,대지의힘,20.2,1133.3,9379.6,54.7,58.8,46.9,54.2,BBB,,
,,,,,76,딱구리,,땅,머드샷,,땅,지진,19.8,1066.6,8278.9,52.6,57.5,44.2,52.1,BBB,,
,3854,,,,389,토대부기,,땅,진흙뿌리기,,땅,지진,20.2,1084.1,8991.9,52.4,58.8,44.9,52.0,BBB,,
,,,,,260,대짱이,,땅,머드샷,,땅,지진,19.7,995.9,7579.7,52.5,57.2,41.2,52.0,BBB,,
제작: Hawaii,최신버전주소: bit.ly/pogoraidspec,,,최신버전: bit.ly/pogoraidspec,,,,,*대단한 기술머신 필요,,,,,,,,● 종합(ER) = (DPS³ × TDO)^(0.25),,,,,
2026-09-01,CP (Lv. 40),,1열,레벨 40,2열,포켓몬,3열,4열,일반공격,5열,6열,차징공격,DPS,TDO,D3T,ER,DPS(%),TDO(%),종합(%),평가,,DPS-TDO 그래프
,,,,,,,,,,,,,37.8,1807.4,50639.6,92.9,36.8,1794.5,88.7,BSA,,
,,,,,,,,,,,,,,,,,0.0,0.0,0.0,FFF,,
,5902,PA,,,이름 재입력,가이오가(원시)¹,,물,폭포오르기,,물,근원의파동*,35.1,1922.8,82942.3,95.0,95.3,107.2,107.0,ASS,,
,,M,,,,"개굴닌자(메가)¹
2026년 9월 5일 메가피날레",,물,물수리검,,물,파도타기++++,40.4,1252.0,82694.7,94.9,109.9,69.8,106.9,SBS,,
,,M,,,이름 재입력,아쿠스타(메가)¹,,물,물대포,,물,아쿠아브레이크++++,36.8,1269.4,63232.2,88.7,100.0,70.7,100.0,SAS,,
,5902,PA,,,이름 재입력,가이오가(원시)²,,물,폭포오르기,,물,파도타기,32.7,1794.5,63021.9,88.7,89.0,100.0,99.9,ASA,,
물,4401,M,,,260M,대짱이(메가),,물,물대포,,물,하이드로캐논*,30.9,1671.8,49123.0,83.4,83.9,93.2,93.9,AAA,,
,,M,,,,개굴닌자(메가)²,,물,물수리검,,물,하이드로캐논*,35.1,1086.8,47151.6,82.5,95.5,60.6,92.9,ABA,,
,,S,,,,그림자 가이오가,,물,폭포오르기,,물,근원의파동*,32.9,1219.1,43513.3,80.8,89.5,67.9,91.1,ABA,,
,3941,M,,,이름 재입력,거북왕(메가),,물,물대포,,물,하이드로캐논*,28.9,1229.3,29782.8,73.5,78.6,68.5,82.9,ABA,,
,4717,M,,,130M,갸라도스(메가),,물,폭포오르기,,물,하이드로펌프,27.3,1372.8,27853.3,72.3,74.1,76.5,81.5,AAA,,
,,S,,,,그림자 개굴닌자,,물,물수리검,,물,하이드로캐논*,32.7,720.3,25105.3,70.4,88.8,40.1,79.4,ABA,,
,2974,,,,382,가이오가¹,,물,폭포오르기,,물,근원의파동*,27.3,1214.7,24798.3,70.2,74.3,67.7,79.1,ABA,,
,4115,S,,,이름 재입력,그림자 대짱이,,물,물대포,,물,하이드로캐논*,28.6,1049.9,24440.8,70.0,77.6,58.5,78.9,ABA,,
,2857,S,,,이름 재입력,그림자 갸라도스,,물,폭포오르기,,물,하이드로펌프,27.3,1154.9,23521.9,67.7,74.2,64.4,76.3,ABA,,
,,,,,이름 재입력,가이오가²,,물,폭포오르기,,물,파도타기,25.6,1137.7,19116.2,65.8,69.6,63.4,74.2,BBA,,
,4115,,,,,인텔리레온¹,,물,물대포,,물,하이드로캐논*,29.6,721.4,18765.7,65.5,80.5,40.2,73.8,ABA,,
,,S,,,,그림자 엠페르트,,물,폭포오르기,,물,하이드로캐논*,29.1,760.5,18776.2,64.9,79.1,42.4,73.2,ABA,,
,3391,S,,,이름 재입력,그림자 장크로다일,,물,폭포오르기,,물,하이드로캐논*,27.9,833.9,18120.2,64.9,75.8,46.5,73.2,ABA,,
,,,,,914,웨이니발,,물,물대포,,물,하이드로캐논*,26.5,951.6,17751.7,64.6,72.1,53.0,72.8,ABA,,
,,,,,730,누리레느,,물,폭포오르기,,물,하이드로캐논*,25.7,916.8,15488.3,62.4,69.7,51.1,70.4,BBA,,
,2654,M,,,이름 재입력,아쿠스타(메가)²,,물,물대포,,물,파도타기,25.3,873.2,14192.5,61.1,68.9,48.7,68.8,BBB,,
,2974,,,,658,개굴닌자,,물,물수리검,,물,하이드로캐논*,26.9,713.1,13928.2,60.8,73.2,39.7,68.5,ABB,,
,2829,,,,260,대짱이,,물,물대포,,물,하이드로캐논*,23.6,1041.5,13668.1,60.5,64.1,58.0,68.2,BBB,,
,2826,,,,99,킹크랩,,물,거품,,물,집게해머,26.6,698.1,13185.5,60.0,72.4,38.9,67.6,ABB,,
,,,,,,인텔리레온²,,물,물대포,,물,노려맞히기,26.9,654.4,12714.6,59.4,73.1,36.5,67.0,ABB,,
,2857,,,,130,갸라도스¹,,물,폭포오르기,,물,하이드로펌프,22.7,1152.3,13405.1,58.8,61.6,64.2,66.3,BBB,,
,3755,,,,503,대검귀,,물,폭포오르기,,물,하이드로캐논*,24.1,794.1,11118.4,57.5,65.5,44.3,64.8,BBB,,
,2466,M,,,80M,야도란(메가),,물,물대포,,물,파도타기*,21.0,1104.6,10232.5,56.3,57.1,61.6,63.4,BBB,,
,2763,,,,160,장크로다일,,물,폭포오르기,,물,하이드로캐논*,23.0,824.9,10023.8,56.0,62.5,46.0,63.1,BBB,,
,,,,,395,엠페르트,,물,폭포오르기,,물,하이드로캐논*,23.9,751.0,10267.5,55.8,65.0,41.9,62.9,BBB,,
,3391,,,,693,블로스터,,물,물대포,,물,집게해머,24.1,702.8,9825.6,55.7,65.5,39.2,62.8,BBB,,
,2900,,,,484,펄기아,,드래곤,드래곤테일,,물,아쿠아테일,21.4,1049.0,10324.4,55.6,58.2,58.5,62.6,BBB,,
,3391,,,,이름 재입력,갸라도스²,,물,폭포오르기,,물,아쿠아테일*,21.4,1082.5,10589.7,55.4,58.1,60.3,62.5,BBB,,
,3200,,,,,갑주무사,,물,폭포오르기,,물,셸블레이드,22.8,796.2,9464.5,54.7,62.0,44.4,61.7,BBB,,
,3114,,,,134,샤미드,,물,물대포,,물,하이드로펌프,19.9,851.0,6744.0,50.7,54.2,47.4,57.1,BBB,,
제작: Hawaii,최신버전주소: bit.ly/pogoraidspec,,,최신버전: bit.ly/pogoraidspec,,,,,*대단한 기술머신 필요 / **이벤트 한정 기술,,,,,,,,● 종합(ER) = (DPS³ × TDO)^(0.25),,,,,
2026-09-01,CP (Lv. 40),,1열,레벨 40,2열,포켓몬,3열,4열,일반공격,5열,6열,차징공격,DPS,TDO,D3T,ER,DPS(%),TDO(%),종합(%),평가,,DPS-TDO 그래프
,,,,,,,,,,,,1.5,39.4,2773.5,81867.9,100.3,38.1,2382.4,97.4,BSA,,
,,,,,,,,,,,,,,,,,0.0,0.0,0.0,FFF,,
,,M,,,이름 재입력,"마폭시(메가)¹
2026년 9월 5일 메가피날레",,불꽃,회오리불꽃,,불꽃,매지컬플레임++++,41.6,2049.5,147625.1,109.8,109.2,86.0,112.8,SAS,,
,,M,,,6MY,리자몽(메가Y),,불꽃,회오리불꽃,,불꽃,블라스트번*,35.3,2148.1,94802.5,97.4,92.8,90.2,100.0,AAS,,
,,M,,,이름 재입력,마폭시(메가)²,,불꽃,회오리불꽃,,불꽃,블라스트번*,36.7,1806.2,89228.8,96.9,96.3,75.8,99.4,AAA,,
,,S,,,이름 재입력,그림자 레시라무,,불꽃,불꽃엄니,,불꽃,크로스플레임*,36.9,1786.2,89573.5,96.3,96.8,75.0,98.9,AAA,,
불꽃,4161,M,,,257M,번치코(메가),,불꽃,회오리불꽃,,불꽃,블라스트번*,36.6,1752.0,86183.3,96.0,96.2,73.5,98.5,AAA,,
,,S,,,이름 재입력,그림자 히드런¹,,불꽃,회오리불꽃,,불꽃,마그마스톰*,31.5,2382.4,74530.8,92.9,82.7,100.0,95.4,ASA,,
,,,,,이름 재입력,두파팡¹,,불꽃,불태우기,,불꽃,깜짝헤드*,38.1,1242.0,68623.6,90.6,100.0,52.1,93.1,SBA,,
,4455,,,,이름 재입력,레시라무¹,,불꽃,불꽃엄니,,불꽃,크로스플레임*,30.6,1782.4,51315.3,83.8,80.5,74.8,86.0,AAA,,
,4038,M,,,6MX,리자몽(메가X),,불꽃,회오리불꽃,,불꽃,블라스트번*,30.6,1639.1,47093.4,82.0,80.4,68.8,84.2,ABA,,
,3754,S,,,이름 재입력,그림자 칠색조(APEX),,불꽃,불태우기,,불꽃,성스러운불꽃+**,29.1,1923.0,47525.6,82.0,76.5,80.7,84.2,AAA,,
,3863,S,,,이름 재입력,그림자 파이어,,불꽃,회오리불꽃,,불꽃,오버히트,31.5,1522.1,47425.0,81.9,82.6,63.9,84.1,ABA,,
,3465,S,,,,그림자 샹델라,,불꽃,회오리불꽃,,불꽃,오버히트,33.3,1185.2,43680.6,81.0,87.4,49.8,83.1,ABA,,
,,,,,이름 재입력,히드런¹,,불꽃,회오리불꽃,,불꽃,마그마스톰*,26.2,2375.1,42603.6,80.8,68.7,99.7,83.0,BAA,,
,3473,S,,,이름 재입력,그림자 번치코,,불꽃,회오리불꽃,,불꽃,블라스트번*,33.2,1128.0,41389.6,79.9,87.3,47.4,82.0,ABA,,
,3850,S,,,,그림자 불비달마,,불꽃,불꽃엄니,,불꽃,오버히트,33.7,997.1,38102.4,78.6,88.4,41.9,80.7,ABA,,
,4038,S,,,이름 재입력,그림자 앤테이,,불꽃,회오리불꽃,,불꽃,오버히트,29.9,1370.4,36763.0,77.9,78.6,57.5,80.0,ABA,,
,,,,,643,레시라무²,,불꽃,불꽃엄니,,불꽃,오버히트,28.4,1654.7,38074.8,77.8,74.7,69.5,79.8,ABA,,
,2848,S,,,이름 재입력,그림자 칠색조,,불꽃,불태우기,,불꽃,성스러운불꽃*,27.6,1823.2,38372.8,77.7,72.5,76.5,79.8,AAA,,
,3754,S,,,이름 재입력,그림자 리자몽,,불꽃,회오리불꽃,,불꽃,블라스트번*,30.8,1288.7,37614.6,77.3,80.8,54.1,79.4,ABA,,
,3863,P,,,이름 재입력,정화 칠색조(APEX),,불꽃,불태우기,,불꽃,성스러운불꽃++**,25.9,2052.1,35646.7,76.3,68.0,86.1,78.3,BAA,,
,2889,PO,,,383P,그란돈(원시),,땅,머드샷,,불꽃,불대문자,26.8,1604.5,30960.5,74.2,70.4,67.4,76.2,ABA,,
,,,,,637,불카모스,,불꽃,회오리불꽃,,불꽃,오버히트,27.3,1514.3,30864.0,74.2,71.7,63.6,76.2,ABA,,
,3632,,,,485,히드런²,,불꽃,회오리불꽃,,불꽃,화염방사,23.8,2160.1,29147.9,73.5,62.5,90.7,75.4,BAA,,
,5902,S,,,157,그림자 블레이범,,불꽃,불태우기,,불꽃,블라스트번*,30.2,1054.8,28955.8,73.4,79.2,44.3,75.3,ABA,,
,3842,,,,,두파팡²,,불꽃,불태우기,,불꽃,매지컬플레임,30.8,1004.3,29294.2,73.3,80.8,42.2,75.2,ABA,,
,2889,,,,146,파이어,,불꽃,회오리불꽃,,불꽃,오버히트,26.2,1519.5,27208.7,71.3,68.7,63.8,73.2,BBA,,
,3268,,,,609,샹델라,,불꽃,회오리불꽃,,불꽃,오버히트,27.7,1185.5,25291.2,70.6,72.8,49.8,72.5,ABA,,
,3465,,,,이름 재입력,에이스번¹,,불꽃,회오리불꽃,,불꽃,화염볼,27.8,1125.6,24130.7,70.1,72.9,47.3,72.0,ABA,,
,,M,,,229M,헬가(메가),,불꽃,불꽃엄니,,불꽃,화염방사,27.6,1136.3,23910.4,69.7,72.5,47.7,71.5,ABA,,
,3473,,,,257,번치코,,불꽃,회오리불꽃,,불꽃,블라스트번*,27.5,1119.0,23175.0,69.1,72.1,47.0,70.9,ABA,,
,,,,,이름 재입력,에이스번²,,불꽃,회오리불꽃,,불꽃,블라스트번*,27.2,1102.1,22184.0,68.6,71.4,46.3,70.5,ABA,,
,3132,,,,555SM,불비달마,,불꽃,불꽃엄니,,불꽃,오버히트,27.9,990.7,21487.2,68.1,73.2,41.6,69.9,ABB,,
,2848,,,,250,칠색조,,불꽃,불태우기,,불꽃,성스러운불꽃*,23.0,1821.2,22079.4,67.7,60.3,76.4,69.5,BAB,,
,2982,,,,244,앤테이,,불꽃,회오리불꽃,,불꽃,오버히트,24.8,1364.9,20933.8,67.6,65.2,57.3,69.5,BBB,,
,3059,,,,6,리자몽,,불꽃,회오리불꽃,,불꽃,블라스트번*,25.5,1281.5,21203.0,67.0,66.9,53.8,68.8,BBB,,
,2889,,,,136,부스터,,불꽃,회오리불꽃,,불꽃,오버히트,25.4,975.6,16068.6,63.3,66.8,41.0,65.0,BBB,,
,2683,,,,,파라블레이즈,,불꽃,불태우기,,불꽃,화염방사,22.4,1142.5,12845.2,59.6,58.8,48.0,61.2,BBB,,
,,,,,,카디나르마,,불꽃,불태우기,,불꽃,화염방사,22.2,949.8,10377.0,56.6,58.3,39.9,58.1,BBB,,
제작: Hawaii,최신버전주소: bit.ly/pogoraidspec,,,최신버전: bit.ly/pogoraidspec,,,,,*대단한 기술머신 필요,,,,,,,,● 종합(ER) = (DPS³ × TDO)^(0.25),,,,,
2026-09-01,CP (Lv. 40),,1열,레벨 40,2열,포켓몬,3열,4열,일반공격,5열,6열,차징공격,DPS,TDO,D3T,ER,DPS(%),TDO(%),종합(%),평가,,DPS-TDO 그래프
,,,,,,,,,,,,,35.3,1614.5,38546.7,83.8,33.9,1509.4,80.6,BSA,,
,,,,,,,,,,,,,,,,,0.0,0.0,0.0,FFF,,
,4056,M,,,이름 재입력,"브리가론(메가)¹
2026년 9월 5일 메가피날레",,풀,덩굴채찍,,풀,씨폭탄++++,33.3,2405.6,88895.9,97.1,98.3,159.4,120.5,ASS,,DPS-TDO 그래프
,,M,,,254M,나무킹(메가),,풀,씨기관총,,풀,하드플랜트*,33.9,1509.4,58683.4,86.4,100.0,100.0,107.2,SSS,,
,,M,,,이름 재입력,브리가론(메가)²,,풀,덩굴채찍,,풀,하드플랜트*,27.6,1996.1,42145.7,80.6,81.6,132.2,100.0,ASS,,
,3677,,,,492SF,쉐이미(스카이폼),,풀,매지컬리프,,풀,풀묶기,28.5,1764.8,40906.6,76.0,84.2,116.9,94.3,ASA,,
풀,,S,,,이름 재입력,그림자 브리가론,,풀,덩굴채찍,,풀,하드플랜트*,28.4,1262.3,29049.8,73.4,84.0,83.6,91.1,AAA,,
,3592,,,,798,종이신도,,풀,잎날가르기,,풀,리프블레이드,31.3,919.4,28119.0,72.5,92.3,60.9,90.0,ABA,,
,3698,M,,,3M,이상해꽃(메가),,풀,덩굴채찍,,풀,하드플랜트*,28.0,1245.7,27419.3,72.0,82.7,82.5,89.4,AAA,,
,,,,,이름 재입력,자루도,,풀,덩굴채찍,,풀,파워휩,26.4,1458.2,26747.2,71.6,77.9,96.6,88.9,AAA,,
,3833,S,,,465,그림자 덩쿠림보,,풀,덩굴채찍,,풀,파워휩,27.8,1071.5,23013.5,69.0,82.1,71.0,85.6,AAA,,
,3030,S,,,254,그림자 나무킹,,풀,씨기관총,,풀,하드플랜트*,29.6,822.2,21358.5,67.7,87.4,54.5,84.0,ABA,,
,,,,,,고릴타¹,,풀,잎날가르기,,풀,하드플랜트*,26.5,1125.0,20838.3,67.3,78.1,74.5,83.5,AAA,,
,,S,,,389,그림자 토대부기,,풀,잎날가르기,,풀,하드플랜트*,27.2,1030.4,20832.5,67.3,80.4,68.3,83.5,ABA,,
,2757,S,,,이름 재입력,그림자 이상해꽃,,풀,덩굴채찍,,풀,하드플랜트*,28.7,830.8,19696.1,66.3,84.8,55.0,82.3,ABA,,
,2934,PO,,,,그란돈(원시),,땅,머드샷,,풀,솔라빔,28.4,882.1,20276.4,66.2,83.9,58.4,82.2,ABA,,
,,M,,,이름 재입력,우츠보트(메가),,풀,매지컬리프*,,풀,리프블레이드,27.1,904.8,18042.6,64.9,80.1,59.9,80.5,ABA,,
,,,,,이름 재입력,고릴타²,,풀,잎날가르기,,풀,드럼어택,25.2,1073.4,17271.1,64.2,74.5,71.1,79.7,AAA,,
,2720,,,,652,브리가론,,풀,덩굴채찍,,풀,하드플랜트*,23.6,1257.5,16558.1,63.8,69.7,83.3,79.2,BAA,,
,,S,,,이름 재입력,그림자 나시,,풀,씨기관총,,풀,솔라빔,27.1,830.5,16608.8,63.6,80.1,55.0,78.9,ABA,,
,3014,,,,787,카푸브루루,,풀,씨기관총,,풀,풀묶기,24.6,1026.0,15288.8,62.3,72.6,68.0,77.3,ABA,,
,2954,,,,,마스카나,,풀,나뭇잎,,풀,하드플랜트*,26.2,843.8,15177.4,62.2,77.3,55.9,77.1,ABA,,
,3419,,,,796,전수목,,전기,전기쇼크,,풀,파워휩,29.1,593.3,14581.1,61.5,85.8,39.3,76.4,ABA,,
,,,,,407,로즈레이드¹,,풀,매지컬리프,,풀,풀묶기,26.3,742.0,13440.2,60.3,77.5,49.2,74.8,ABA,,
,3937,,,,465,덩쿠림보,,풀,덩굴채찍,,풀,파워휩,23.0,1065.9,13018.3,59.8,68.0,70.6,74.2,BAA,,
,,,,,763,달코퀸,,풀,매지컬리프,,풀,풀묶기,24.0,935.1,12998.3,59.8,71.0,62.0,74.2,ABA,,
,,,,,251,세레비,,풀,매지컬리프*,,풀,리프스톰,22.0,1150.5,12176.9,58.8,64.8,76.2,73.0,BAA,,
,2964,,,,254,나무킹,,풀,씨기관총,,풀,하드플랜트*,24.4,814.8,11899.0,58.5,72.2,54.0,72.6,ABA,,
,3265,,,,,모크나이퍼,,풀,나뭇잎,,풀,하드플랜트*,23.6,892.1,11752.6,58.3,69.7,59.1,72.4,BBA,,
,3030,,,,407,로즈레이드²,,풀,잎날가르기,,풀,풀묶기,25.1,708.7,11206.6,57.6,74.1,47.0,71.5,ABA,,
,2757,,,,3,이상해꽃,,풀,덩굴채찍,,풀,하드플랜트*,23.8,824.9,11062.2,57.4,70.1,54.7,71.2,ABA,,
,2720,,,,103,나시,,풀,씨기관총,,풀,솔라빔,22.5,825.7,9380.9,55.1,66.4,54.7,68.4,BBB,,
,,,,,470,리피아,,풀,잎날가르기,,풀,리프블레이드,21.4,862.9,8423.6,53.6,63.1,57.2,66.6,BBB,,
,3014,M,,,460M,눈설왕(메가),,풀,나뭇잎,,풀,에너지볼,21.2,849.3,8059.1,52.4,62.5,56.3,65.1,BBB,,
,3405,,,,640,비리디온,,격투,두번차기,,풀,리프블레이드,18.5,1123.5,7129.6,51.7,54.7,74.4,64.1,BAB,,
,3022,,,,754,라란티스,,풀,나뭇잎,,풀,리프스톰,19.6,655.2,4953.1,47.0,57.9,43.4,58.3,BBB,,
제작: Hawaii,최신버전주소: bit.ly/pogoraidspec,,,최신버전: bit.ly/pogoraidspec,,,,,*대단한 기술머신 필요 / **이벤트 한정 기술,,,,,,,,● 종합(ER) = (DPS³ × TDO)^(0.25),,,,,
2026-09-01,CP (Lv. 40),,1열,레벨 40,2열,포켓몬,3열,4열,일반공격,5열,6열,차징공격,DPS,TDO,D3T,ER,DPS(%),TDO(%),종합(%),평가,,DPS-TDO 그래프
,,,,,,,,,,,,,43.2,1464.9,49969.1,91.7,38.2,1460.8,87.0,BSA,,
,,,,,,,,,,,,,,,,,0.0,0.0,0.0,FFF,,
,4336,DW,,,800DW,네크로즈마(새벽의날개),,고스트,섀도클로,,고스트,섀도레이**,37.7,1274.0,68116.5,87.0,98.7,87.2,100.0,AAS,,
,,S,,,,그림자 다크라이,,악,바크아웃,,고스트,섀도볼,32.6,1558.4,53860.5,85.2,85.3,106.7,98.0,ASA,,
고스트,,M,,,150MY,뮤츠(메가Y),,에스퍼,사이코커터,,고스트,섀도볼*,33.7,1460.8,55770.7,84.7,88.2,100.0,97.3,ASA,,
,4336,M,,,150MX,뮤츠(메가X),,에스퍼,사이코커터,,고스트,섀도볼*,33.2,1034.0,37809.4,78.0,86.9,70.8,89.7,AAA,,
,3739,M,,,,팬텀(메가)¹,,고스트,핥기*,,고스트,섀도볼,38.2,602.5,33550.2,76.1,100.0,41.2,87.5,SBA,,
,,,,,491,다크라이,,악,바크아웃,,고스트,섀도볼,27.1,1555.0,30873.3,74.2,70.9,106.5,85.2,ASA,,
,3594,M,,,이름 재입력,팬텀(메가)²,,고스트,섀도클로,,고스트,섀도볼,37.1,585.4,29889.9,73.9,97.2,40.1,85.0,ABA,,
,,,,,720U,후파(굴레를 벗어난),,고스트,놀래키기,,고스트,섀도볼,25.4,1708.1,27850.8,69.6,66.4,116.9,80.0,BSA,,
,,S,,,이름 재입력,그림자 뮤츠,,에스퍼,사이코커터,,고스트,섀도볼*,30.8,865.2,25366.1,69.6,80.8,59.2,79.9,ABA,,
,,S,,,,그림자 샹델라,,고스트,병상첨병,,고스트,섀도볼,34.7,543.9,22803.4,68.8,91.0,37.2,79.0,ABA,,
,4178,M,,,354M,다크펫(메가),,고스트,섀도클로,,고스트,섀도볼,33.5,581.2,21772.7,68.0,87.6,39.8,78.1,ABA,,
,4006,,,,792,루나아라,,고스트,섀도클로,,고스트,섀도볼,28.5,1079.9,25049.7,67.7,74.7,73.9,77.8,AAA,,
,,M,,,65M,후딘(메가),,에스퍼,사이코커터,,고스트,섀도볼,29.7,798.4,20946.8,66.3,77.8,54.7,76.2,ABA,,
,4510,S,,,,그림자 팬텀,,고스트,핥기*,,고스트,섀도볼,36.6,368.3,17988.0,65.1,95.7,25.2,74.8,ACA,,
,3683,,,,,두파팡,,고스트,놀래키기,,고스트,섀도볼,32.4,465.8,15907.0,62.8,85.0,31.9,72.2,ABA,,
,,,,,1000,타부자고,,고스트,병상첨병,,고스트,섀도볼,26.4,895.7,16566.2,62.5,69.3,61.3,71.9,BBA,,
,3517,,,,이름 재입력,기라티나(오리진폼)¹,,고스트,섀도클로,,고스트,섀도다이브*,25.8,873.6,14957.7,61.9,67.5,59.8,71.1,BBA,,
,3683,,,,,드래펄트,,고스트,놀래키기,,고스트,섀도볼,28.0,636.9,14037.4,60.9,73.4,43.6,70.0,ABB,,
,,,,,이름 재입력,기라티나(오리진폼)²,,고스트,섀도클로,,고스트,섀도볼,24.9,844.7,13115.0,59.9,65.3,57.8,68.8,BBB,,
,,,,,150,뮤츠,,에스퍼,사이코커터,,고스트,섀도볼*,25.3,854.5,13836.2,59.8,66.3,58.5,68.7,BBB,,
,3268,,,,720C,후파(굴레에 빠진),,고스트,놀래키기,,고스트,섀도볼,27.6,694.9,14597.6,59.2,72.3,47.6,68.0,ABB,,
,4178,,,,609,샹델라,,고스트,병상첨병,,고스트,섀도볼,28.5,536.8,12486.4,59.1,74.8,36.8,68.0,ABB,,
,3452,S,,,354,그림자 다크펫,,고스트,섀도클로,,고스트,섀도볼,30.1,350.5,9574.2,55.3,78.9,24.0,63.6,ACB,,
,,,,,,포트데스,,고스트,병상첨병,,고스트,섀도볼,26.2,510.3,9183.5,54.8,68.6,34.9,63.0,BBB,,
,2298,S,,,429,그림자 무우마직,,고스트,병상첨병,,고스트,섀도볼,27.5,440.8,9123.9,54.7,71.9,30.2,62.8,ABB,,
,,,,,94,팬텀,,고스트,섀도클로,,고스트,섀도볼,29.1,352.3,8716.6,54.3,76.3,24.1,62.5,ACB,,
,2878,,,,,블레이범(히스이),,고스트,병상첨병,,고스트,섀도볼,25.6,516.0,8672.3,54.0,67.1,35.3,62.1,BBB,,
,3379,,,,487AF,기라티나(어나더폼),,고스트,섀도클로,,고스트,섀도다이브*,21.5,867.7,8658.5,54.0,56.4,59.4,62.0,BBB,,
,2615,,,,781,타타륜,,고스트,섀도클로,,고스트,섀도볼,25.4,516.1,8416.6,53.6,66.4,35.3,61.6,BBB,,
,,,,,681BF,킬가르도(블레이드폼),,에스퍼,사이코커터,,고스트,섀도볼,28.0,397.0,8735.1,53.3,73.4,27.2,61.2,ACB,,
,3268,,,,911,라우드본,,고스트,병상첨병,,고스트,섀도볼,22.8,608.7,7182.9,51.5,59.6,41.7,59.2,BBB,,
,2559,,,,709,대로트,,고스트,섀도클로,,고스트,섀도볼,22.6,456.8,5302.5,47.7,59.3,31.3,54.9,BBB,,
,2615,,,,429,무우마직,,고스트,병상첨병,,고스트,섀도볼,22.6,435.4,5014.9,47.1,59.1,29.8,54.1,BCB,,
,,,,,,모크나이퍼,,고스트,놀래키기,,고스트,그림자꿰매기,21.2,464.0,4435.4,45.7,55.6,31.8,52.5,BBB,,
제작: Hawaii,최신버전주소: bit.ly/pogoraidspec,,,최신버전: bit.ly/pogoraidspec,,,,,*대단한 기술머신 필요,,,,,,,,● 종합(ER) = (DPS³ × TDO)^(0.25),,,///,,
2026-09-01,CP (Lv. 40),,1열,레벨 40,2열,포켓몬,3열,4열,일반공격,5열,6열,차징공격,DPS,TDO,D3T,ER,DPS(%),TDO(%),종합(%),18열,,DPS-TDO 그래프
,,,,,,,,,,,,,35.2,1415.1,33781.7,82.4,32.2,1384.1,81.2,BSA,,
,,,,,,,,,,,,,,,,,0.0,0.0,0.0,FFF,,
,,M,,,,"독침붕(메가)¹
2026년 9월 8일",,벌레,벌레먹기*,,벌레,마지막일침++++,40.7,1129.1,75895.9,90.3,126.3,81.6,111.3,SAS,,
,,M,,,,헤라크로스(메가),,벌레,연속자르기,,벌레,메가혼,32.2,1384.1,46219.7,81.2,100.0,100.0,100.0,SSS,,
,,S,,,이름 재입력,그림자 레지기가스,,벌레,잠재파워(벌레),,노말,묵사발*,31.9,979.0,31721.7,75.1,99.0,70.7,92.5,AAA,,
벌레,4087,M,,,127M,쁘사이저(메가),,벌레,연속자르기,,벌레,시저크로스,28.0,1286.0,28349.8,71.5,87.1,92.9,88.1,AAA,,
,3632,M,,,212M,핫삼(메가),,벌레,연속자르기,,벌레,시저크로스,25.6,1508.2,25331.7,70.0,79.5,109.0,86.2,ASA,,
,,S,,,이름 재입력,그림자 핫삼,,벌레,연속자르기,,벌레,시저크로스,26.7,968.3,18524.1,64.7,83.1,70.0,79.7,ABA,,
,2842,,,,637,불카모스,,벌레,벌레먹기,,벌레,벌레의야단법석,25.4,1155.5,18988.7,64.7,79.0,83.5,79.7,AAA,,
,3001,S,,,이름 재입력,그림자 투구뿌논,,벌레,벌레먹기,,벌레,시저크로스,29.2,694.2,17220.9,64.1,90.6,50.2,79.0,ABA,,
,3383,M,,,이름 재입력,독침붕(메가)²,,벌레,벌레먹기*,,벌레,시저크로스,28.7,788.1,18573.2,63.5,89.0,56.9,78.2,ABA,,
,2959,,,,795,페로코체,,벌레,벌레먹기,,벌레,벌레의야단법석,31.9,524.3,17081.9,63.2,99.2,37.9,77.9,ABA,,
,,S,,,이름 재입력,그림자 슈바르고,,벌레,벌레먹기,,벌레,메가혼,25.9,968.5,16733.4,63.1,80.3,70.0,77.8,ABA,,
,,,,,649,게노세크트,,벌레,연속자르기,,벌레,시저크로스,23.5,1128.7,14653.9,61.0,73.0,81.6,75.2,AAA,,
,3353,S,,,이름 재입력,그림자 쁘사이저,,벌레,연속자르기,,벌레,시저크로스,27.3,662.9,13527.1,60.4,84.9,47.9,74.4,ABA,,
,2946,,,,212,핫삼,,벌레,연속자르기,,벌레,시저크로스,22.2,966.2,10589.7,56.3,69.0,69.8,69.3,BBB,,
,,,,,이름 재입력,헤라크로스¹,,벌레,연속자르기,,벌레,메가혼,23.3,817.0,10387.2,55.9,72.5,59.0,68.9,ABB,,
,,,,,738,투구뿌논,,벌레,벌레먹기,,벌레,시저크로스,24.1,689.0,9651.6,55.5,74.9,49.8,68.4,ABB,,
,3117,,,,469,메가자리,,벌레,벌레먹기,,벌레,벌레의야단법석,22.7,871.5,10190.9,55.4,70.5,63.0,68.3,ABB,,
,,,,,589,슈바르고,,벌레,벌레먹기,,벌레,메가혼,21.6,971.8,9800.9,55.2,67.1,70.2,68.0,BAB,,
,3001,,,,851,다태우지네,,벌레,벌레먹기,,벌레,벌레의야단법석,21.8,943.0,9710.7,54.7,67.6,68.1,67.4,BBB,,
,2959,,,,900,사마자르,,벌레,연속자르기,,벌레,시저크로스,24.2,594.1,8441.1,53.9,75.2,42.9,66.4,ABB,,
,2889,,,,127,쁘사이저,,벌레,연속자르기,,벌레,시저크로스,22.6,659.5,7656.1,52.4,70.3,47.7,64.5,ABB,,
,2659,,,,632,아이앤트,,벌레,벌레먹기,,벌레,시저크로스,20.4,814.5,6876.6,50.5,63.2,58.9,62.3,BBB,,
,2441,,,,768,갑주무사,,벌레,연속자르기,,벌레,시저크로스,20.9,684.2,6222.5,49.9,64.8,49.4,61.5,BBB,,
,3162,,,,이름 재입력,헤라크로스²,,벌레,벌레의저항,,벌레,메가혼,20.6,722.2,6345.2,49.4,64.1,52.2,60.9,BBB,,
,2580,,,,542,모아머,,벌레,벌레먹기,,벌레,시저크로스,19.7,725.1,5527.8,47.5,61.1,52.4,58.6,BBB,,
,2206,,,,617,어지리더,,벌레,엉겨붙기,,벌레,벌레의야단법석,21.6,496.8,5028.9,47.1,67.2,35.9,58.1,BBB,,
,3101,,,,545,펜드라,,벌레,벌레먹기,,벌레,시저크로스,19.6,603.4,4575.4,44.7,61.0,43.6,55.1,BBB,,
,2447,,,,596,전툴라,,벌레,연속자르기,,벌레,벌레의야단법석,20.4,453.1,3852.3,44.1,63.4,32.7,54.3,BBB,,
제작: Hawaii,최신버전주소: bit.ly/pogoraidspec,,,최신버전: bit.ly/pogoraidspec,,,,,*대단한 기술머신 필요 / **이벤트 한정 기술,,,,,,,,● 종합(ER) = (DPS³ × TDO)^(0.25),,,///,,
2026-09-01,CP (Lv. 40),,1열,레벨 40,2열,포켓몬,3열,4열,일반공격,5열,6열,차징공격,DPS,TDO,D3T,ER,DPS(%),TDO(%),종합(%),18열,,DPS-TDO 그래프
,,,,,,,,,,,,,38.2,2105.9,47377.9,89.4,34.0,1683.0,88.5,BSA,,
,,,,,,,,,,,,,,,,,0.0,0.0,0.0,FFF,,
,3791,CSword,,,,자시안(검왕),,강철,메탈클로,,강철,거수참**,40.4,2366.0,155640.4,111.7,118.8,140.6,126.2,SSS,,
,,CShield,,,,자마젠타(방패왕),,강철,메탈클로,,강철,거수탄**,38.3,2888.5,162391.5,111.4,112.8,171.6,125.8,SSS,,
강철,,DM,,,800DM,네크로즈마(황혼의갈기),,강철,메탈클로,,강철,메테오드라이브**,38.9,2180.1,127948.7,106.4,114.4,129.5,120.1,SSS,,
,,M,,,,메타그로스(메가),,강철,불릿펀치,,강철,코멧펀치*,32.3,2233.6,75117.8,93.1,95.0,132.7,105.2,ASS,,
,,S,,,,그림자 메타그로스,,강철,불릿펀치,,강철,코멧펀치*,34.0,1566.1,61430.8,88.5,100.0,93.1,100.0,SAS,,
,3791,M,,,,루카리오(메가),,강철,불릿펀치,,강철,코멧펀치,34.0,1430.3,56025.3,85.4,100.0,85.0,96.4,AAA,,
,,,,,이름 재입력,메타그로스¹,,강철,불릿펀치,,강철,코멧펀치*,28.2,1557.1,34741.9,76.8,82.9,92.5,86.7,AAA,,
,,S,,,,그림자 디아루가,,강철,메탈클로,,강철,아이언헤드,30.6,1052.3,30063.8,73.7,90.0,62.5,83.2,ABA,,
,,S,,,,그림자 몰드류,,강철,메탈클로,,강철,아이언헤드,28.9,1055.4,25500.5,70.1,85.1,62.7,79.2,ABA,,
,,,,,이름 재입력,두드리짱,,페어리,요정의바람,,강철,거대헤머*,26.2,1307.6,23522.8,69.6,77.1,77.7,78.7,AAA,,
,4162,M,,,306M,보스로라(메가),,강철,아이언테일,,강철,헤비봄버,23.4,1683.0,21637.8,68.2,69.0,100.0,77.0,BSA,,
,3599,,,,809,멜메탈,,전기,전기쇼크,,강철,더블펀처*,23.2,1473.2,18390.8,65.5,68.3,87.5,74.0,BAA,,
,4038,,,,483,디아루가,,강철,메탈클로,,강철,아이언헤드,25.4,1049.4,17181.3,64.1,74.7,62.4,72.4,ABA,,
,4087,,,,448,루카리오,,강철,불릿펀치,,강철,코멧펀치,26.6,935.6,17567.0,63.9,78.2,55.6,72.2,ABA,,
,,,,,483OF,디아루가(오리진),,강철,메탈클로,,강철,아이언헤드,24.9,1093.2,16895.5,63.8,73.3,65.0,72.1,ABA,,
,,S,,,이름 재입력,그림자 엠페르트,,강철,강철날개,,강철,러스터캐논,24.2,1143.3,16170.7,63.1,71.2,67.9,71.3,ABA,,
,3265,M,,,212M,핫삼(메가),,강철,불릿펀치,,강철,아이언헤드,23.6,1135.1,14939.2,61.9,69.5,67.5,69.9,BBB,,
,3000,,,,649,게노세크트,,강철,메탈클로,,강철,마그넷봄,24.7,970.1,14691.1,61.6,72.8,57.6,69.6,ABB,,
,3353,,,,530,몰드류,,강철,메탈클로,,강철,아이언헤드,24.0,1051.4,14475.6,60.9,70.5,62.5,68.7,ABB,,
,3244,S,,,이름 재입력,그림자 보스로라,,강철,아이언테일,,강철,헤비봄버,23.1,1089.0,13490.9,60.6,68.1,64.7,68.5,BBB,,
,,M,,,208M,강철톤(메가),,강철,아이언테일,,강철,헤비봄버,20.4,1627.6,13840.0,60.2,60.1,96.7,68.0,BAB,,
,,,,,385,지라치,,에스퍼,염동력,,강철,파멸의소원,21.5,1287.3,12740.2,59.7,63.2,76.5,67.5,BAB,,
,3791,,,,376,메타그로스²,,강철,불릿펀치,,강철,러스터캐논,21.7,1198.6,12194.6,59.1,63.8,71.2,66.8,BAB,,
,,,,,,대도각참,,강철,메탈클로,,강철,아이언헤드,22.2,1125.4,12280.2,58.9,65.3,66.9,66.6,BBB,,
,3001,S,,,이름 재입력,그림자 핫삼,,강철,불릿펀치,,강철,아이언헤드,24.6,729.5,10915.6,57.2,72.5,43.4,64.6,ABB,,
,3670,,,,485,히드런,,불꽃,회오리불꽃,,강철,아이언헤드,19.4,1449.9,10536.1,56.2,57.0,86.2,63.5,BAB,,
,,,,,395,엠페르트,,강철,강철날개,,강철,러스터캐논,20.2,1144.2,9384.8,55.1,59.4,68.0,62.2,BBB,,
,3754,,,,306,보스로라,,강철,아이언테일,,강철,헤비봄버,19.2,1087.0,7749.2,52.8,56.6,64.6,59.6,BBB,,
,,,,,625,절각참,,강철,메탈클로,,강철,아이언헤드,21.7,714.0,7250.9,51.7,63.7,42.4,58.4,BBB,,
,3000,,,,966,부르르룸,,강철,금속음,,강철,자이로볼,19.2,959.3,6820.5,50.9,56.6,57.0,57.5,BBB,,
,,,,,638,코바르온,,강철,메탈클로,,강철,아이언헤드,18.1,1178.5,7028.5,50.8,53.4,70.0,57.4,BAB,,
,2844,,,,,자포코일,,강철,금속음,,강철,러스터캐논,19.4,886.2,6469.7,50.4,57.1,52.7,57.0,BBB,,
,3001,,,,212,핫삼,,강철,불릿펀치,,강철,아이언헤드,20.4,726.3,6198.8,49.7,60.2,43.2,56.1,BBB,,
제작: Hawaii,최신버전주소: bit.ly/pogoraidspec,,,최신버전: bit.ly/pogoraidspec,,,,,*대단한 기술머신 필요 / **이벤트 한정 기술,,,,,,,,● 종합(ER) = (DPS³ × TDO)^(0.25),,,///,,
2026-09-01,CP (Lv. 40),,1열,레벨 40,2열,포켓몬,3열,4열,일반공격,5열,6열,차징공격,DPS,TDO,D3T,ER,DPS(%),TDO(%),종합(%),18열,,DPS-TDO 그래프
,,,,,,,,,,,,,39.8,3518.5,70730.2,97.4,35.5,3155.2,94.5,BSA,,
,,,,,,,,,,,,,,,,,0.0,0.0,0.0,FFF,,
,5713,M,,,384M,레쿠쟈(메가),,비행,에어슬래시,,비행,화룡점정**,43.6,3155.2,261456.8,126.6,123.0,100.0,133.9,SSS,,
,,M,,,,무장조(메가)¹,,비행,에어슬래시,,비행,회전부리++++,34.3,2095.9,84911.7,94.5,96.9,66.4,100.0,ABS,,
,3835,M,,,,보만다(메가),,불꽃,불꽃엄니,,비행,공중날기,30.8,2537.8,74214.9,92.4,86.9,80.4,97.8,AAA,,
비행,,,,,이름 재입력,레쿠쟈¹,,비행,에어슬래시,,비행,화룡점정**,33.7,1885.8,71862.3,91.6,94.9,59.8,97.0,ABA,,
,,S,,,,그림자 파이어¹,,비행,날개치기,,비행,공중날기,33.3,1873.2,69218.0,90.8,94.0,59.4,96.1,ABA,,
,3465,S,,,,그림자 보만다,,불꽃,불꽃엄니,,비행,공중날기,34.2,1612.7,64555.3,89.2,96.5,51.1,94.4,ABA,,
,3863,S,,,이름 재입력,그림자 파이어²,,비행,날개치기,,비행,불새*,30.8,1730.9,50429.9,83.9,86.8,54.9,88.8,ABA,,
,3703,S,,,이름 재입력,그림자 칠색조,,불꽃,불태우기,,비행,브레이브버드,27.5,2156.7,44992.6,81.6,77.7,68.4,86.3,ABA,,
,3465,S,,,,그림자 왕큰부리,,비행,쪼기,,비행,부리캐논*,35.5,942.7,42000.1,80.2,100.0,29.9,84.8,SCA,,
,,,,,,러브로스(화신폼),,페어리,요정의바람,,비행,공중날기,29.5,1579.6,40595.9,79.5,83.2,50.1,84.1,ABA,,
,,,,,,파이어¹,,비행,날개치기,,비행,공중날기,27.6,1864.0,39227.7,78.8,77.9,59.1,83.4,ABA,,
,,S,,,이름 재입력,그림자 루기아(APEX),,에스퍼,신통력,,비행,에어로블라스트+**,26.5,2179.8,40637.3,78.8,74.8,69.1,83.4,ABA,,
,3680,,,,,보만다,,불꽃,불꽃엄니,,비행,공중날기,28.2,1598.9,36024.1,77.1,79.7,50.7,81.6,ABA,,
,,S,,,398,그림자 찌르호크,,비행,바람일으키기*,,비행,공중날기,33.7,896.4,34181.6,76.1,94.9,28.4,80.6,ACA,,
,3781,P,,,249,정화 루기아(APEX),,에스퍼,신통력,,비행,에어로블라스트++**,24.0,2366.3,32766.0,74.6,67.7,75.0,79.0,BAA,,
,3703,M,,,이름 재입력,무장조(메가)²,,비행,에어슬래시,,비행,불새,27.0,1645.6,32528.0,74.3,76.3,52.2,78.7,ABA,,
,3863,DWI,,,144G,프리져(가라르),,에스퍼,사이코커터,,비행,공중날기,27.4,1548.2,31800.6,74.1,77.3,49.1,78.4,ABA,,
,,M,,,18M,피죤투(메가),,비행,바람일으키기*,,비행,브레이브버드,29.7,1151.5,30278.7,73.9,83.9,36.5,78.2,ABA,,
,,S,,,,그림자 루기아,,에스퍼,신통력,,비행,에어로블라스트*,24.6,2026.5,30190.1,73.1,69.4,64.2,77.4,BBA,,
,,S,,,이름 재입력,그림자 레지기가스,,비행,잠재파워(비행),,노말,묵사발*,32.2,863.5,28936.8,73.0,90.9,27.4,77.3,ACA,,
,,,,,이름 재입력,파이어²,,비행,날개치기,,비행,불새*,25.5,1723.6,28668.6,72.9,72.0,54.6,77.1,ABA,,
,3863,,,,717,이벨타르,,비행,바람일으키기,,비행,데스윙*,28.5,1235.3,28596.4,72.8,80.4,39.2,77.0,ABA,,
,,,,,이름 재입력,칠색조²,,비행,잠재파워(비행),,비행,브레이브버드,23.1,2132.3,26438.3,71.4,65.3,67.6,75.6,BBA,,
,2711,,,,250,칠색조¹,,불꽃,불태우기,,비행,브레이브버드,22.9,2154.0,25888.9,71.1,64.6,68.3,75.2,BBA,,
,,,,,,왕큰부리,,비행,쪼기,,비행,부리캐논*,29.1,929.6,22926.2,68.9,82.1,29.5,72.9,ACA,,
,,,,,,토네로스(영물폼)¹,,비행,바람일으키기,,비행,찬바람폭풍*,26.3,1207.2,21842.3,68.4,74.1,38.3,72.4,ABA,,
,3835,,,,이름 재입력,레쿠쟈²,,비행,에어슬래시,,비행,폭풍*,24.9,1397.9,21579.8,67.8,70.2,44.3,71.8,ABA,,
,,,,,,찌르호크¹,,비행,바람일으키기*,,비행,공중날기,27.7,887.0,18928.2,65.7,78.2,28.1,69.5,ACB,,
,,DWI,,,145G,썬더(가라르),,격투,카운터,,비행,공중날기,23.5,1398.3,18249.3,65.1,66.4,44.3,68.9,BBB,,
,,,,,628,워글,,비행,에어슬래시,,비행,공중날기,25.9,1005.9,17536.1,64.4,73.2,31.9,68.2,ABB,,
,3703,,,,249,루기아,,에스퍼,신통력,,비행,에어로블라스트*,20.5,2024.1,17346.3,63.7,57.7,64.2,67.4,BBB,,
,,,,,이름 재입력,찌르호크²,,비행,날개치기,,비행,공중날기,26.9,858.6,16641.7,63.6,75.8,27.2,67.3,ACB,,
,3345,DWI,,,146G,파이어(가라르),,비행,날개치기,,비행,공중날기,23.0,1044.5,12758.9,59.5,65.0,33.1,63.0,BBB,,
,3548,,,,641IF,토네로스(화신폼),,비행,에어슬래시,,비행,폭풍,23.4,944.4,12113.4,59.0,66.0,29.9,62.4,BCB,,
,3215,,,,이름 재입력,토네로스(영물폼)²,,비행,바람일으키기,,비행,폭풍,22.1,1015.2,10925.5,57.5,62.3,32.2,60.8,BBB,,
제작: Hawaii,최신버전주소: bit.ly/pogoraidspec,,,최신버전: bit.ly/pogoraidspec,,,,,*대단한 기술머신 필요,,,,,,,,● 종합(ER) = (DPS³ × TDO)^(0.25),,,///,,
2026-09-01,CP (Lv. 40),,1열,레벨 40,2열,포켓몬,3열,4열,일반공격,5열,6열,차징공격,DPS,TDO,D3T,ER,DPS(%),TDO(%),종합(%),18열,,DPS-TDO 그래프
,,,,,,,,,,,,,36.0,1931.2,47759.7,93.5,31.9,1538.7,82.5,BSA,,
,,,,,,,,,,,,,,,,,0.0,0.0,0.0,FFF,,
,,M,,,이름 재입력,우츠보트(메가)¹,,독,용해액,,독,애시드봄++++,33.1,1914.5,69136.0,90.7,103.7,124.4,110.0,SSS,,
,4336,,,,이름 재입력,무한다이노,,독,독찌르기,,독,오물폭탄,28.9,2073.6,50183.7,82.5,90.7,134.8,100.0,ASS,,
,3383,M,,,15M,독침붕(메가),,독,독찌르기,,독,오물폭탄,31.0,1293.7,38358.6,78.3,97.1,84.1,94.9,AAA,,
독,4336,M,,,이름 재입력,팬텀(메가)¹,,고스트,핥기*,,독,오물폭탄,30.9,1247.2,36713.4,77.8,96.9,81.1,94.3,AAA,,
,,S,,,이름 재입력,그림자 레지기가스,,독,잠재파워(독),,노말,묵사발*,31.9,979.0,31721.7,75.1,100.0,63.6,91.0,SBA,,
,,M,,,이름 재입력,우츠보트(메가)²,,독,용해액,,독,오물폭탄,26.1,1512.0,26945.2,71.7,81.9,98.3,86.9,AAA,,
,,M,,,이름 재입력,팬텀(메가)²,,고스트,섀도클로,,독,오물폭탄,28.4,1146.4,26208.9,71.6,89.0,74.5,86.7,AAA,,
,3949,,,,793,텅비드,,독,독찌르기,,독,오물폭탄,26.1,1349.6,24112.3,69.7,82.0,87.7,84.5,AAA,,
,,,,,,아고용,,독,독찌르기,,독,오물폭탄,27.4,1122.3,23208.5,68.0,86.1,72.9,82.5,AAA,,
,2971,,,,407,로즈레이드,,독,독찌르기,,독,오물폭탄,25.0,1224.8,19123.4,65.8,78.4,79.6,79.7,AAA,,
,2559,,,,966,부르르룸,,독,독찌르기,,독,더스트슈트,23.0,1532.5,18631.0,65.7,72.1,99.6,79.6,AAA,,
,2431,S,,,이름 재입력,그림자 라플레시아,,독,용해액,,독,오물폭탄,24.5,1050.6,15532.0,62.5,77.0,68.3,75.7,ABA,,
,,S,,,이름 재입력,그림자 우츠보트,,독,용해액,,독,오물폭탄,25.4,935.9,15292.9,62.2,79.6,60.8,75.4,ABA,,
,,S,,,이름 재입력,그림자 독개굴,,독,독찌르기,,독,오물폭탄,27.7,645.2,13760.8,60.6,87.0,41.9,73.4,ABA,,
,3698,S,,,,그림자 팬텀,,고스트,섀도클로,,독,오물폭탄,26.7,689.1,13132.4,60.2,83.8,44.8,73.0,ABA,,
,,M,,,3M,이상해꽃(메가),,풀,덩굴채찍,,독,오물폭탄,20.2,1538.7,12719.7,59.4,63.4,100.0,72.0,BSA,,
,2946,,,,545,펜드라,,독,독찌르기,,독,오물폭탄,21.2,987.4,9424.6,55.1,66.5,64.2,66.8,BBB,,
,2559,,,,45,라플레시아,,독,용해액,,독,오물폭탄,20.4,1046.6,8840.1,54.3,63.9,68.0,65.8,BBB,,
,2431,,,,71,우츠보트,,독,용해액,,독,오물폭탄,21.0,930.6,8639.8,53.9,65.9,60.5,65.4,BBB,,
,2878,,,,904,장침바루(히스이),,독,독침,,독,오물폭탄,22.1,787.9,8529.1,53.8,69.4,51.2,65.2,BBB,,
,2720,,,,454,독개굴,,독,독찌르기,,독,오물폭탄,22.9,638.8,7636.5,52.3,71.7,41.5,63.4,ABB,,
,2488,,,,94,팬텀,,고스트,섀도클로,,독,오물폭탄,22.1,683.1,7339.7,52.1,69.2,44.4,63.1,BBB,,
,2453,S,,,452,그림자 드래피온,,독,독침,,독,오물폭탄,21.8,662.4,6851.4,50.9,68.3,43.1,61.7,BBB,,
,2445,,,,이름 재입력,질뻐기(알로라),,독,독찌르기,,독,더스트슈트,19.9,829.0,6486.8,50.2,62.3,53.9,60.9,BBB,,
,3739,,,,491,다크라이,,악,바크아웃,,독,오물폭탄*,23.0,520.3,6361.7,50.0,72.3,33.8,60.6,ABB,,
,,,,,80G,야도란(가라르),,독,용해액,,독,오물폭탄,18.8,825.6,5506.8,48.4,59.0,53.7,58.7,BBB,,
,2757,,,,3,이상해꽃,,풀,덩굴채찍,,독,오물폭탄,17.1,1018.6,5117.9,47.3,53.7,66.2,57.4,BBB,,
,2720,,,,34,니드킹,,독,독찌르기,,독,오물웨이브,19.1,605.6,4207.6,45.1,59.9,39.4,54.6,BBB,,
,2717,,,,199G,야도킹(가라르),,독,용해액,,독,오물웨이브,16.7,834.0,3865.8,44.3,52.3,54.2,53.7,BBB,,
제작: Hawaii,최신버전주소: bit.ly/pogoraidspec,,,최신버전: bit.ly/pogoraidspec,,,,,*대단한 기술머신 필요 / **이벤트 한정 기술,,,,,,,,● 종합(ER) = (DPS³ × TDO)^(0.25),,,///,,
2026-09-01,CP (Lv. 40),,1열,레벨 40,2열,포켓몬,3열,4열,일반공격,5열,6열,차징공격,DPS,TDO,D3T,ER,DPS(%),TDO(%),종합(%),18열,,DPS-TDO 그래프
,,,,,,,,,,,,,40.0,1605.6,55182.9,92.3,35.6,1586.4,80.1,BSA,,
,,,,,,,,,,,,,,,,,0.0,0.0,0.0,FFF,,
,,M,,,이름 재입력,라이츄(메가Y)¹,,전기,전기쇼크,,전기,전자포++++,43.0,1131.9,89777.8,96.8,120.8,71.4,120.9,SAS,,
,,M,,,이름 재입력,라이츄(메가X)¹,,전기,전기쇼크,,전기,볼트태클++++,37.1,1238.5,63153.7,88.7,104.3,78.1,110.7,SAS,,
,,M,,,이름 재입력,라이츄(메가Y)²,,전기,전기쇼크,,전기,와일드볼트,35.6,935.0,42032.7,80.1,100.0,58.9,100.0,SBS,,
,,,,,이름 재입력,제크로무¹,,전기,차지빔,,전기,크로스썬더*,28.7,1586.4,37644.9,78.3,80.8,100.0,97.8,ASA,,
전기,,M,,,150MY,뮤츠(메가Y),,에스퍼,사이코커터,,전기,10만볼트,31.1,1246.6,37355.8,78.2,87.4,78.6,97.6,AAA,,
,,,,,이름 재입력,레지에레키,,전기,전기쇼크,,전기,썬더프리즌*,34.7,895.5,37347.7,77.8,97.5,56.5,97.1,ABA,,
,3452,,,,807,제라오라,,전기,볼트체인지,,전기,플라스마피스트**,31.4,1189.0,36984.4,77.6,88.5,75.0,96.8,AAA,,
,4038,S,,,이름 재입력,그림자 라이코,,전기,전기쇼크,,전기,와일드볼트,31.2,1090.2,33168.5,75.5,87.8,68.7,94.3,ABA,,
,3205,,,,이름 재입력,제크로무²,,전기,차지빔,,전기,와일드볼트,27.6,1522.7,31948.1,75.2,77.6,96.0,93.9,AAA,,
,3580,S,,,이름 재입력,그림자 레지기가스,,전기,잠재파워(전기),,노말,묵사발*,31.9,979.0,31721.7,75.1,89.7,61.7,93.7,ABA,,
,3937,,,,,볼트로스(영물폼)¹,,전기,볼트체인지,,전기,번개폭풍*,31.5,1012.6,31529.9,74.6,88.5,63.8,93.1,ABA,,
,,S,,,이름 재입력,그림자 자포코일,,전기,볼트체인지,,전기,와일드볼트,29.8,1252.6,33259.4,74.4,83.9,79.0,92.9,AAA,,
,3079,M,,,181M,전룡(메가),,전기,볼트체인지,,전기,전자포,27.2,1460.4,29316.0,73.6,76.4,92.1,91.9,AAA,,
,,M,,,310M,썬더볼트(메가),,전기,번개엄니,,전기,와일드볼트,30.8,1005.4,29373.6,73.2,86.6,63.4,91.4,ABA,,
,,S,,,이름 재입력,그림자 에레키블,,전기,전기쇼크,,전기,와일드볼트,32.4,846.5,28790.3,72.9,91.1,53.4,91.0,ABA,,
,3527,,,,796,전수목,,전기,전기쇼크,,전기,방전,31.2,934.8,28277.3,72.6,87.6,58.9,90.6,ABA,,
,,M,,,150MX,뮤츠(메가X),,에스퍼,사이코커터,,전기,10만볼트,30.8,965.3,28142.9,72.5,86.6,60.9,90.5,ABA,,
,,S,,,이름 재입력,그림자 썬더,,전기,전기쇼크*,,전기,10만볼트,29.9,995.0,26634.1,71.5,84.1,62.7,89.2,ABA,,
,3659,,,,이름 재입력,볼트로스(화신폼)¹,,전기,전기쇼크,,전기,번개폭풍**,30.0,982.6,26612.7,71.5,84.5,61.9,89.2,ABA,,
,,M,,,이름 재입력,라이츄(메가X)²,,전기,전기쇼크,,전기,와일드볼트,29.1,969.7,23835.1,69.5,81.8,61.1,86.8,ABA,,
,,,,,이름 재입력,볼트로스(영물폼)²,,전기,볼트체인지,,전기,10만볼트,28.3,908.2,20493.3,66.9,79.5,57.3,83.6,ABA,,
,2888,BK,,,646B,큐레무(블랙),,드래곤,드래곤테일,,전기,크로스썬더,25.5,1183.0,19723.0,66.3,71.9,74.6,82.8,AAA,,
,,S,,,이름 재입력,그림자 렌트라,,전기,스파크,,전기,와일드볼트,29.3,767.6,19229.2,65.9,82.3,48.4,82.2,ABA,,
,4178,,,,243,라이코,,전기,전기쇼크,,전기,와일드볼트,25.8,1083.1,18663.8,65.4,72.6,68.3,81.6,ABA,,
,3452,,,,,자포코일¹,,전기,볼트체인지,,전기,와일드볼트,24.7,1247.3,18844.9,64.6,69.5,78.6,80.6,BAA,,
,3205,S,,,이름 재입력,그림자 뮤츠,,에스퍼,사이코커터,,전기,10만볼트,28.3,737.8,16691.0,63.9,79.5,46.5,79.8,ABA,,
,,S,,,이름 재입력,그림자 볼트로스(화신폼),,전기,전기쇼크,,전기,번개펀치,27.9,760.4,16588.2,63.5,78.6,47.9,79.3,ABA,,
,,,,,466,에레키블,,전기,전기쇼크,,전기,와일드볼트,26.8,839.9,16118.3,63.0,75.3,52.9,78.7,ABA,,
,3527,,,,이름 재입력,자포코일²,,전기,스파크,,전기,와일드볼트,24.0,1210.5,16816.0,62.8,67.6,76.3,78.4,BAA,,
,3079,,,,145,썬더,,전기,전기쇼크*,,전기,10만볼트,24.8,988.9,15009.7,61.9,69.6,62.3,77.3,BBA,,
,2888,,,,785,카푸꼬꼬꼭,,전기,볼트체인지,,전기,10만볼트,24.0,791.2,10918.9,57.2,67.5,49.9,71.4,BBA,,
,,,,,405,렌트라,,전기,스파크,,전기,와일드볼트,24.1,760.4,10693.4,56.9,67.9,47.9,71.0,BBA,,
,,,,,76A,딱구리(알로라),,전기,볼트체인지,,전기,와일드볼트,22.6,1067.3,12330.6,56.8,63.6,67.3,70.9,BBA,,
,3345,,,,이름 재입력,볼트로스(화신폼)²,,전기,전기쇼크,,전기,번개펀치,23.1,755.0,9313.9,55.0,65.0,47.6,68.6,BBB,,
,3117,,,,923,빠르모트,,전기,전기쇼크,,전기,와일드볼트,25.7,519.4,8768.4,54.4,72.2,32.7,67.9,ABB,,
,,,,,135,쥬피썬더,,전기,전기쇼크,,전기,10만볼트,22.7,717.4,8432.3,53.6,64.0,45.2,66.9,BBB,,
,,,,,738,투구뿌논,,전기,볼트체인지*,,전기,방전,24.2,579.1,8246.6,53.6,68.2,36.5,66.9,BBB,,
,2888,,,,849,스트린더,,전기,스파크,,전기,와일드볼트,23.5,641.6,8335.2,53.5,66.1,40.4,66.7,BBB,,
제작: Hawaii,최신버전주소: bit.ly/pogoraidspec,,,최신버전: bit.ly/pogoraidspec,,,,,*대단한 기술머신 필요 / **이벤트 한정 기술,,,,,,,,● 종합(ER) = (DPS³ × TDO)^(0.25),,,///,,
2026-09-01,CP (Lv. 40),,1열,레벨 40,2열,포켓몬,3열,4열,일반공격,5열,6열,차징공격,DPS,TDO,D3T,ER,DPS(%),TDO(%),종합(%),18열,,DPS-TDO 그래프
,,,,,,,,,,,,,43.4,1395.6,51101.1,90.7,42.2,1137.7,90.7,BSA,,
,,,,,,,,,,,,,,,,,0.0,0.0,0.0,FFF,,
,5713,,,,,무한다이노,,드래곤,드래곤테일,,드래곤,다이맥스포**,43.8,1113.0,93560.2,98.4,103.7,97.8,108.5,SAS,,
,,M,,,384M,레쿠쟈(메가)¹,,드래곤,드래곤테일,,드래곤,와이드브레이커*,42.2,997.5,75161.8,93.1,100.0,87.7,102.7,SAS,,
,,M,,,이름 재입력,망나뇽(메가)¹,,드래곤,드래곤테일,,드래곤,역린++++,40.1,1050.8,67551.4,90.7,94.8,92.4,100.0,AAS,,
드래곤,,M,,,이름 재입력,레쿠쟈(메가)²,,드래곤,드래곤테일,,드래곤,역린,39.6,934.5,57906.4,87.2,93.7,82.1,96.2,AAA,,
,,M,,,,한카리아스(메가),,드래곤,드래곤테일,,드래곤,와이드브레이커,38.0,993.1,54650.1,86.0,90.1,87.3,94.8,AAA,,
,,S,,,이름 재입력,그림자 한카리아스,,드래곤,드래곤테일,,드래곤,와이드브레이커,37.0,705.6,35606.1,77.3,87.5,62.0,85.2,ABA,,
,,S,,,,그림자 디아루가,,드래곤,용의숨결,,드래곤,용성군,33.2,955.2,35025.2,76.9,78.7,84.0,84.9,AAA,,
,,S,,,,그림자 액스라이즈,,드래곤,드래곤테일,,드래곤,와이드브레이커*,40.2,537.5,34812.3,76.8,95.1,47.2,84.7,ABA,,
,,,,,,디아루가(오리진)¹,,드래곤,용의숨결,,드래곤,시간의포효**,31.0,1137.7,34051.9,76.4,73.5,100.0,84.3,ASA,,
,,M,,,373M,보만다(메가),,드래곤,드래곤테일,,드래곤,용성군,33.1,881.3,31870.9,75.1,78.3,77.5,82.9,AAA,,
,5031,S,,,이름 재입력,그림자 레지기가스,,드래곤,잠재파워(드래곤),,노말,묵사발*,31.9,979.0,31721.7,75.1,75.5,86.1,82.8,AAA,,
,,,,,이름 재입력,레지드래고,,드래곤,용의숨결*,,드래곤,드래곤에너지*,34.5,720.2,29556.9,73.7,81.7,63.3,81.3,ABA,,
,3749,S,,,이름 재입력,그림자 펄기아,,드래곤,드래곤테일,,드래곤,용성군,36.2,613.9,29123.2,73.5,85.7,54.0,81.0,ABA,,
,,S,,,이름 재입력,그림자 보만다¹,,드래곤,드래곤테일,,드래곤,용성군,36.9,564.3,28435.0,73.0,87.5,49.6,80.5,ABA,,
,,S,,,,그림자 보만다²,,드래곤,드래곤테일,,드래곤,역린*,36.8,561.6,27881.3,72.7,87.0,49.4,80.2,ABA,,
,,BK,,,,큐레무(블랙),,드래곤,드래곤테일,,드래곤,역린,33.3,744.4,27584.4,72.5,78.9,65.4,79.9,ABA,,
,3792,,,,,펄기아(오리진),,드래곤,드래곤테일,,드래곤,공간절단**,33.8,710.8,27336.9,72.3,79.9,62.5,79.8,ABA,,
,,M,,,이름 재입력,망나뇽(메가)²,,드래곤,드래곤테일,,드래곤,용성군*,31.9,836.0,27061.0,72.1,75.5,73.5,79.6,AAA,,
,,,,,998,드닐레이브,,드래곤,용의숨결,,드래곤,대검돌격*,34.2,661.9,26426.3,71.7,80.9,58.2,79.1,ABA,,
,,S,,,이름 재입력,그림자 망나뇽¹,,드래곤,드래곤테일,,드래곤,용성군*,34.7,597.7,24878.0,70.6,82.1,52.5,77.9,ABA,,
,,S,,,이름 재입력,그림자 망나뇽²,,드래곤,드래곤테일,,드래곤,역린,34.4,592.6,24052.0,70.0,81.4,52.1,77.2,ABA,,
,,M,,,381M,라티오스(메가),,드래곤,용의숨결,,드래곤,드래곤클로,31.4,714.2,22064.0,68.5,74.3,62.8,75.6,ABA,,
,4801,,,,이름 재입력,레쿠쟈¹,,드래곤,드래곤테일,,드래곤,와이드브레이커*,33.0,603.8,21704.2,68.3,78.1,53.1,75.3,ABA,,
,4038,,,,483,디아루가,,드래곤,용의숨결,,드래곤,용성군,27.6,952.0,19991.2,66.9,65.3,83.7,73.8,BAA,,
,,,,,이름 재입력,디아루가(오리진)²,,드래곤,용의숨결,,드래곤,용성군,27.1,991.6,19653.5,66.6,64.1,87.2,73.4,BAA,,
,,,,,445,한카리아스,,드래곤,드래곤테일,,드래곤,와이드브레이커,30.2,691.7,19029.5,66.1,71.5,60.8,72.9,ABA,,
,3812,M,,,380M,라티아스(메가),,드래곤,용의숨결,,드래곤,역린,28.7,796.6,18860.2,65.9,68.0,70.0,72.7,BAA,,
,3835,,,,612,액스라이즈,,드래곤,드래곤테일,,드래곤,와이드브레이커,32.8,526.4,18540.9,65.6,77.6,46.3,72.4,ABA,,
,,WK,,,646W,큐레무(화이트),,드래곤,용의숨결,,드래곤,용의파동,29.9,666.7,17747.5,64.9,70.7,58.6,71.6,ABA,,
,3749,,,,484,펄기아,,드래곤,드래곤테일,,드래곤,용성군,30.0,609.7,16391.0,63.6,70.9,53.6,70.2,ABA,,
,3835,S,,,이름 재입력,그림자 라티오스,,드래곤,용의숨결,,드래곤,드래곤클로,31.4,527.9,16316.4,63.6,74.3,46.4,70.1,ABA,,
,,,,,이름 재입력,레쿠쟈²,,드래곤,드래곤테일,,드래곤,역린,30.7,562.2,16312.7,63.6,72.8,49.4,70.1,ABA,,
,3962,,,,,드래펄트,,드래곤,드래곤테일,,드래곤,와이드브레이커,31.0,544.8,16228.6,63.5,73.4,47.9,70.0,ABA,,
,,,,,373,보만다,,드래곤,드래곤테일,,드래곤,용성군,30.4,557.7,15698.7,63.0,72.0,49.0,69.4,ABB,,
,,,,,643,레시라무,,드래곤,용의숨결,,드래곤,용성군,28.3,609.6,13772.5,60.9,66.9,53.6,67.2,BBB,,
,,,,,644,제크로무,,드래곤,용의숨결,,드래곤,역린,28.2,609.2,13732.5,60.9,66.9,53.6,67.1,BBB,,
,,S,,,이름 재입력,그림자 나시(알로라),,드래곤,드래곤테일,,드래곤,용성군,31.3,438.8,13436.8,60.5,74.1,38.6,66.8,ABB,,
,3792,,,,149,망나뇽,,드래곤,드래곤테일,,드래곤,역린,28.2,583.5,13082.4,60.1,66.8,51.3,66.3,BBB,,
,3593,S,,,이름 재입력,그림자 라티아스,,드래곤,용의숨결,,드래곤,역린,28.4,549.5,12607.5,59.6,67.3,48.3,65.7,BBB,,
,,M,,,254M,나무킹(메가),,벌레,연속자르기,,드래곤,드래곤클로,28.1,458.0,10158.5,56.5,66.5,40.3,62.3,BBB,,
,3550,M,,,6MX,리자몽(메가X),,드래곤,용의숨결*,,드래곤,드래곤클로,26.2,520.9,9378.0,55.3,62.1,45.8,61.0,BBB,,
,3014,,,,381,라티오스,,드래곤,용의숨결,,드래곤,드래곤클로,25.8,520.6,8930.8,54.7,61.1,45.8,60.3,BBB,,
,3850,M,,,334M,파비코리(메가),,드래곤,용의숨결,,드래곤,용의파동,20.4,1032.4,8714.0,54.3,48.2,90.7,59.9,BAB,,
,3163,,,,784,짜랑고우거,,드래곤,드래곤테일,,드래곤,*스케일노이즈,21.9,475.4,5013.3,,51.9,41.8,0.0,BBF,,
제작: Hawaii,최신버전주소: bit.ly/pogoraidspec,,,최신버전: bit.ly/pogoraidspec,,,,,*대단한 기술머신 필요,,,,,,,,● 종합(ER) = (DPS³ × TDO)^(0.25),,,///,,
2026-09-01,CP (Lv. 40),,1열,레벨 40,2열,포켓몬,3열,4열,일반공격,5열,6열,차징공격,DPS,TDO,D3T,ER,DPS(%),TDO(%),종합(%),18열,,DPS-TDO 그래프
,,,,,,,,,,,,,43.1,2249.2,89023.0,108.5,40.3,2188.9,96.6,BSA,,
,,,,,,,,,,,,,,,,,0.0,0.0,0.0,FFF,,
,,M,,,이름 재입력,뮤츠(메가Y)¹,,에스퍼,사이코커터,,에스퍼,미래예지++++,52.3,2723.1,389518.7,139.8,129.9,124.4,144.8,SSS,,
,4178,M,,,이름 재입력,뮤츠(메가Y)²,,에스퍼,염동력,,에스퍼,사이코브레이크*,44.6,2321.9,206303.5,119.2,110.9,106.1,123.5,SSS,,
,,M,,,150MX,뮤츠(메가X),,에스퍼,염동력,,에스퍼,사이코브레이크*,43.2,2174.6,175907.7,114.6,107.4,99.4,118.7,SAS,,
에스퍼,,S,,,이름 재입력,그림자 뮤츠,,에스퍼,염동력,,에스퍼,사이코브레이크*,40.3,1360.2,88719.5,96.6,100.0,62.1,100.0,SBS,,
,4510,M,,,65M,후딘(메가),,에스퍼,염동력,,에스퍼,사이코키네시스*,36.9,1188.7,59899.5,87.5,91.8,54.3,90.6,ABA,,
,5007,M,,,282M,가디안(메가),,에스퍼,염동력,,에스퍼,사이코키네시스,33.3,1624.8,60061.5,84.4,82.8,74.2,87.4,AAA,,
,4178,M,,,381M,라티오스(메가),,에스퍼,사념의박치기,,에스퍼,사이코키네시스,32.2,1520.1,50685.5,83.9,80.0,69.5,86.9,ABA,,
,,,,,150,뮤츠,,에스퍼,염동력,,에스퍼,사이코브레이크*,33.2,1347.1,49302.7,83.4,82.5,61.5,86.3,ABA,,
,4178,,,,792,루나아라,,에스퍼,염동력,,에스퍼,사이코키네시스,26.0,2937.8,51723.8,83.1,64.6,134.2,86.1,BSA,,
,4042,M,,,,메타그로스(메가),,에스퍼,사념의박치기,,에스퍼,사이코키네시스,28.6,2188.9,51328.7,83.0,71.1,100.0,85.9,ASA,,
,,M,,,475M,엘레이드(메가),,에스퍼,염동력,,에스퍼,사이코키네시스,33.0,1340.5,48285.2,82.9,82.0,61.2,85.9,ABA,,
,4178,DW,,,,네크로즈마(새벽의날개),,에스퍼,사이코커터,,에스퍼,미래예지,25.5,2543.0,42342.4,79.1,63.4,116.2,81.9,BSA,,
,3812,S,,,이름 재입력,그림자 메타그로스,,에스퍼,사념의박치기,,에스퍼,사이코키네시스,30.2,1531.3,41999.0,78.9,74.9,70.0,81.7,ABA,,
,4801,S,,,이름 재입력,그림자 라티오스,,에스퍼,사념의박치기,,에스퍼,사이코키네시스,31.8,1107.5,35487.2,76.8,78.9,50.6,79.5,ABA,,
,3791,,,,이름 재입력,뮤츠³,,에스퍼,사이코커터,,에스퍼,사이코키네시스,30.5,1238.1,35190.3,76.6,75.8,56.6,79.4,ABA,,
,4006,M,,,380M,라티아스(메가),,에스퍼,사념의박치기,,에스퍼,사이코키네시스,27.8,1599.0,34235.1,76.1,69.0,73.1,78.8,BAA,,
,,M,,,이름 재입력,칼라마네로(메가),,에스퍼,사이코커터,,에스퍼,환상빔++++,30.5,1079.3,30684.5,74.4,75.8,49.3,77.1,ABA,,
,3057,,,,720U,후파(굴레를 벗어난),,에스퍼,염동력,,에스퍼,사이코키네시스,32.2,864.5,28766.2,73.2,79.9,39.5,75.9,ABA,,
,3510,S,,,이름 재입력,그림자 후딘,,에스퍼,염동력,,에스퍼,사이코키네시스,33.8,742.0,28602.6,72.8,83.9,33.9,75.4,ABA,,
,,S,,,,그림자 레지기가스,,에스퍼,잠재파워(에스퍼),,노말,묵사발*,32.4,805.8,27455.9,72.0,80.5,36.8,74.6,ABA,,
,,DM,,,,네크로즈마(황혼의갈기),,에스퍼,사이코커터,,에스퍼,미래예지,25.8,1600.4,27338.6,70.9,64.0,73.1,73.4,BAA,,
,3093,S,,,이름 재입력,그림자 가디안,,에스퍼,염동력,,에스퍼,사이코키네시스,30.1,1046.5,28553.0,70.0,74.8,47.8,72.5,ABA,,
,,,,,376,메타그로스,,에스퍼,사념의박치기,,에스퍼,사이코키네시스,25.0,1524.6,23763.1,68.4,62.1,69.7,70.9,BBA,,
,,M,,,이름 재입력,아쿠스타(메가),,에스퍼,사이코웨이브,,에스퍼,사이코키네시스,27.7,1034.3,21982.9,68.1,68.8,47.3,70.6,BBA,,
,3812,S,,,이름 재입력,그림자 라티아스,,에스퍼,사념의박치기,,에스퍼,사이코키네시스,27.1,1087.0,21636.4,67.9,67.3,49.7,70.3,BBA,,
,3791,,,,이름 재입력,라티오스¹,,에스퍼,사념의박치기,,에스퍼,사이코키네시스,26.3,1099.0,19884.6,66.4,65.2,50.2,68.8,BBB,,
,3755,DWI,,,,프리져(가라르),,에스퍼,사이코커터,,에스퍼,미래예지,23.5,1361.3,17745.5,63.6,58.5,62.2,65.9,BBB,,
,3170,M,,,80M,야도란(메가),,에스퍼,염동력,,에스퍼,사이코키네시스,23.3,1325.4,16677.5,63.6,57.8,60.6,65.9,BBB,,
,,,,,196,에브이,,에스퍼,염동력,,에스퍼,사이코키네시스,27.0,822.9,16265.5,63.2,67.2,37.6,65.4,BBB,,
,3057,,,,65,후딘,,에스퍼,염동력,,에스퍼,사이코키네시스*,27.9,737.0,16083.2,63.0,69.4,33.7,65.2,BBB,,
,3812,,,,786,카푸나비나,,에스퍼,염동력,,에스퍼,미래예지,25.0,1144.0,17878.0,62.3,62.1,52.3,64.6,BBB,,
,,,,,이름 재입력,라티오스²,,에스퍼,사념의박치기,,에스퍼,러스트퍼지*,24.4,1023.8,14909.6,61.8,60.7,46.8,64.0,BBB,,
,,,,,385,지라치,,에스퍼,염동력,,에스퍼,사이코키네시스,22.0,1453.7,15407.1,61.4,54.6,66.4,63.6,BBB,,
,3494,,,,,네크로즈마,,에스퍼,사이코커터,,에스퍼,미래예지,23.8,1052.8,14176.3,61.1,59.1,48.1,63.2,BBB,,
,3972,,,,282,가디안,,에스퍼,염동력,,에스퍼,사이코키네시스,24.9,1041.3,16016.7,60.6,61.8,47.6,62.8,BBB,,
,3510,,,,482,아그놈,,에스퍼,신통력,,에스퍼,미래예지,25.8,755.7,12949.1,59.7,64.1,34.5,61.8,BBB,,
,3093,,,,380,라티아스,,에스퍼,사념의박치기,,에스퍼,사이코키네시스,22.4,1080.5,12207.8,58.8,55.7,49.4,60.9,BBB,,
,,,,,648AF,메로엣타(보이스폼),,에스퍼,염동력,,에스퍼,사이코쇼크,23.2,927.8,11601.8,58.4,57.7,42.4,60.4,BBB,,
,3265,,,,858,브리무음,,에스퍼,염동력,,에스퍼,사이코키네시스,24.8,869.6,13299.3,57.9,61.7,39.7,59.9,BBB,,
,4042,,,,791,솔가레오,,에스퍼,사념의박치기,,에스퍼,사이코팽,19.1,1346.1,9361.8,54.2,47.4,61.5,56.2,BBB,,
제작: Hawaii,최신버전주소: bit.ly/pogoraidspec,,,최신버전: bit.ly/pogoraidspec,,,,,*대단한 기술머신 필요,,,,,,,,● 종합(ER) = (DPS³ × TDO)^(0.25),,,///,,
2026-09-01,CP (Lv. 40),,1열,레벨 40,2열,포켓몬,3열,4열,일반공격,5열,6열,차징공격,DPS,TDO,D3T,ER,DPS(%),TDO(%),종합(%),18열,,DPS-TDO 그래프
,,,,,,,,,,,,,32.4,2095.3,30911.6,78.1,31.1,1966.3,72.5,BSA,,
,,,,,,,,,,,,,,,,,0.0,0.0,0.0,FFF,,
,4512,M,,,282M,가디안(메가),,페어리,애교부리기,,페어리,매지컬샤인,31.1,1966.3,59122.3,86.3,100.0,100.0,119.1,SSS,,
,,CSword,,,,자시안(검왕),,강철,메탈클로,,페어리,치근거리기,28.2,2274.0,50802.4,81.7,90.6,115.7,112.7,ASS,,
페어리,,,,,,러브로스(화신폼),,페어리,요정의바람,,페어리,매지컬샤인,26.9,1435.4,28040.8,72.5,86.6,73.0,100.0,AAS,,
,3093,S,,,이름 재입력,그림자 가디안,,페어리,애교부리기,,페어리,매지컬샤인,27.9,1264.0,27518.1,71.3,89.8,64.3,98.4,ABA,,
,3781,,,,,카푸나비나,,에스퍼,염동력,,페어리,자연의분노*,24.9,1524.5,23617.6,68.8,80.2,77.5,94.9,AAA,,
,,,,,716,제르네아스,,페어리,지오컨트롤*,,페어리,문포스,23.7,1648.6,22013.4,68.2,76.3,83.8,94.1,AAA,,
,3332,,,,,카푸꼬꼬꼭,,전기,볼트체인지,,페어리,자연의분노*,25.0,1207.3,18757.7,65.5,80.3,61.4,90.4,ABA,,
,,,,,,카푸브루루,,풀,씨기관총,,페어리,자연의분노*,23.9,1357.5,18493.1,65.3,76.8,69.0,90.1,ABA,,
,,,,,468,토게키스,,페어리,애교부리기,,페어리,매지컬샤인,21.9,1680.7,17669.4,64.6,70.5,85.5,89.1,AAA,,
,2552,M,,,65M,후딘(메가),,에스퍼,사이코커터,,페어리,매지컬샤인*,28.4,769.7,17555.2,63.9,91.2,39.1,88.2,ABA,,
,4510,S,,,이름 재입력,그림자 그랑블루,,페어리,애교부리기,,페어리,치근거리기,25.6,917.6,15338.6,62.3,82.2,46.7,86.0,ABA,,
,3829,,,,282,가디안,,페어리,애교부리기,,페어리,매지컬샤인,23.2,1259.3,15636.8,61.9,74.5,64.0,85.4,ABA,,
,,,,,이름 재입력,러브로스(영물폼),,페어리,요정의바람,,페어리,문포스,21.6,1407.1,14206.6,61.1,69.5,71.6,84.4,BAA,,
,3093,,,,888,자시안(역전의 용사),,악,바크아웃,,페어리,치근거리기,21.0,1465.4,13653.7,60.5,67.7,74.5,83.5,BAA,,
,3200,,,,858,브리무음,,페어리,애교부리기,,페어리,매지컬샤인,23.1,1052.1,13027.3,59.1,74.4,53.5,81.6,ABA,,
,,M,,,719M,디안시(메가),,바위,돌떨구기,,페어리,문포스,22.8,1055.8,12444.2,58.6,73.2,53.7,80.9,ABA,,
,4346,,,,730,누리레느,,페어리,애교부리기,,페어리,문포스,21.1,1209.2,11353.3,57.8,67.8,61.5,79.7,BBA,,
,3069,,,,700,님피아,,페어리,애교부리기,,페어리,매지컬샤인,20.1,1357.0,10975.7,57.3,64.6,69.0,79.1,BBA,,
,3937,,,,796,전수목,,전기,전기쇼크,,페어리,매지컬샤인,26.0,603.4,10655.1,57.1,83.7,30.7,78.8,ABA,,
,2552,,,,210,그랑블루,,페어리,애교부리기,,페어리,치근거리기,21.1,911.1,8615.2,53.9,68.0,46.3,74.4,BBA,,
,3234,,,,671,플라제스,,페어리,요정의바람,,페어리,문포스,18.6,1288.2,8264.4,53.4,59.8,65.5,73.6,BBA,,
,3163,M,,,334M,파비코리(메가),,드래곤,용의숨결,,페어리,매지컬샤인,19.6,996.2,7553.4,52.4,63.2,50.7,72.3,BBA,,
,2461,,,,78G,날쌩마(가라르),,페어리,요정의바람,,페어리,치근거리기,20.3,898.9,7507.9,51.5,65.3,45.7,71.1,BBA,,
,,,,,36,픽시,,페어리,애교부리기,,페어리,매지컬샤인,17.9,975.8,5640.3,48.5,57.7,49.6,66.9,BBB,,
,2437,M,,,303M,입치트(메가),,페어리,요정의바람,,페어리,치근거리기,18.4,995.5,6163.7,48.2,59.1,50.6,66.5,BBB,,
제작: Hawaii,최신버전주소: bit.ly/pogoraidspec,,,최신버전: bit.ly/pogoraidspec,,,,,*대단한 기술머신 필요 / **이벤트 한정 기술			,,,,,,,,● 종합(ER) = (DPS³ × TDO)^(0.25),,,///,,
2026-09-01,CP (Lv. 40),,1열,레벨 40,2열,포켓몬,3열,4열,일반공격,5열,6열,차징공격,DPS,TDO,D3T,ER,DPS(%),TDO(%),종합(%),18열,,DPS-TDO 그래프
,,,,,,,,,,,,,35.4,1416.1,26481.2,78.7,34.1,1325.7,76.8,BSA,,
,,,,,,,,,,,,,,,,,0.0,0.0,0.0,FFF,,
,,WK,,,,큐레무(화이트),,얼음,얼음엄니,,얼음,콜드플레어**,35.4,1325.7,59015.5,86.8,103.8,100.0,113.0,SSS,,
,,BK,,,,큐레무(블랙),,드래곤,드래곤테일,,얼음,프리즈볼트**,34.1,1250.3,49762.7,83.1,100.0,94.3,108.2,SAS,,
,,M,,,150MY,뮤츠(메가Y),,에스퍼,사이코커터,,얼음,냉동빔,30.5,1224.0,34719.0,76.8,89.3,92.3,100.0,AAS,,
얼음,3328,S,,,,그림자 레지기가스,,얼음,잠재파워(얼음),,노말,묵사발*,31.9,979.0,31721.7,75.1,93.4,73.9,97.8,AAA,,
,3005,M,,,150MX,뮤츠(메가X),,에스퍼,사이코커터,,얼음,냉동빔,29.9,1047.5,27995.4,72.5,87.6,79.0,94.4,AAA,,
,,S,,,473,그림자 맘모꾸리,,얼음,눈싸라기,,얼음,눈사태,31.1,671.7,20276.1,66.9,91.2,50.7,87.1,ABA,,
,4178,PA,,,382P,가이오가(원시),,물,폭포오르기,,얼음,눈사태,25.5,1067.0,17663.6,64.6,74.7,80.5,84.2,AAA,,
,,S,,,이름 재입력,그림자 뮤츠,,에스퍼,사이코커터,,얼음,냉동빔,27.7,724.0,15469.2,62.7,81.3,54.6,81.7,ABA,,
,3550,S,,,461,그림자 포푸니라,,얼음,얼음뭉치,,얼음,눈사태,29.4,590.7,14958.9,62.2,86.0,44.6,81.0,ABA,,
,,,,,998,드닐레이브,,얼음,얼음엄니,,얼음,눈사태,25.8,838.2,14435.9,61.0,75.6,63.2,79.5,ABA,,
,,M,,,460M,눈설왕(메가),,얼음,눈싸라기,,얼음,웨더볼(얼음),24.6,933.4,13976.8,60.3,72.2,70.4,78.6,AAA,,
,,,,,646,큐레무,,드래곤,용의숨결,,얼음,얼어붙은세계*,25.0,856.8,13359.6,59.8,73.2,64.6,77.9,ABA,,
,3105,,,,555GSM,불비달마(가라르),,얼음,얼음엄니,,얼음,눈사태,27.4,609.2,12589.6,59.6,80.4,46.0,77.6,ABA,,
,3575,S,,,144,그림자 프리져,,얼음,얼음숨결,,얼음,트리플악셀,22.6,1113.3,12887.7,59.0,66.3,84.0,76.9,BAA,,
,,M,,,362M,얼음귀신(메가),,얼음,얼음숨결,,얼음,눈사태,25.3,659.6,10728.6,57.2,74.2,49.8,74.6,ABA,,
,,,,,473,맘모꾸리,,얼음,눈싸라기,,얼음,눈사태,25.5,659.6,10884.5,57.2,74.6,49.8,74.6,ABA,,
,3229,S,,,이름 재입력,그림자 아마루르가,,얼음,얼음숨결,,얼음,웨더볼(얼음),25.1,682.4,10774.7,56.5,73.5,51.5,73.5,ABA,,
,3328,,,,150,뮤츠,,에스퍼,사이코커터,,얼음,냉동빔,22.9,715.4,8537.5,54.1,66.9,54.0,70.4,BBA,,
,3405,,,,,글레이시아¹,,얼음,얼음숨결,,얼음,눈사태,23.6,640.8,8402.6,53.8,69.1,48.3,70.1,BBA,,
,3126,,,,,우락고래,,얼음,얼음뭉치,,얼음,눈사태,22.2,768.2,8359.1,53.8,64.9,58.0,70.1,BBA,,
,3005,,,,이름 재입력,포푸니라¹,,얼음,얼음뭉치,,얼음,눈사태,24.2,583.7,8254.6,53.6,70.8,44.0,69.8,ABB,,
,3005,,,,이름 재입력,글레이시아²,,얼음,얼음뭉치,,얼음,눈사태,23.4,636.0,8153.3,53.4,68.6,48.0,69.6,BBB,,
,,,,,,포푸니라²,,얼음,얼음뭉치,,얼음,트리플악셀,23.9,575.8,7818.2,52.9,69.9,43.4,68.9,BBB,,
,,S,,,460,그림자 눈설왕,,얼음,눈싸라기,,얼음,웨더볼(얼음),23.2,611.6,7613.9,51.8,67.9,46.1,67.5,BBB,,
,2362,,,,144,프리져,,얼음,얼음숨결,,얼음,트리플악셀,18.7,1107.6,7277.4,51.2,54.9,83.6,66.7,BAB,,
,3575,,,,713,크레베이스,,얼음,얼음엄니,,얼음,눈사태,19.8,807.7,6230.3,50.0,57.9,60.9,65.1,BBB,,
,,,,,584,배바닐라,,얼음,얼음숨결,,얼음,눈사태*,21.9,572.8,6053.8,49.6,64.3,43.2,64.6,BBB,,
,2555,,,,713H,크레베이스(히스이),,얼음,눈싸라기,,얼음,눈보라,19.7,763.7,5815.6,48.4,57.6,57.6,63.0,BBB,,
,2802,,,,699,아마루르가,,얼음,얼음숨결,,얼음,웨더볼(얼음),20.5,670.7,5768.5,48.3,60.0,50.6,62.9,BBB,,
,3042,,,,866,마임꽁꽁,,얼음,얼음뭉치,,얼음,트리플악셀,21.0,580.3,5392.5,48.2,61.6,43.8,62.8,BBB,,
,3457,,,,124,루주라,,얼음,얼음숨결,,얼음,눈사태,22.6,464.2,5385.8,48.2,66.3,35.0,62.8,BBB,,
,2822,,,,614,툰베어,,얼음,눈싸라기,,얼음,냉동펀치,19.8,531.1,4147.2,45.1,58.1,40.1,58.8,BBB,,
,3122,,,,378,레지아이스,,얼음,얼음숨결,,얼음,눈보라,17.0,785.6,3889.3,44.4,49.9,59.3,57.9,BBB,,
제작: Hawaii,최신버전주소: bit.ly/pogoraidspec,,,로우데이터: https://leessang01.github.io/posts/PokemonGo-comprehensive-dps-calculator/,,,,,*대단한 기술머신 필요 / **이벤트 한정 기술,,,,,,,,▲종합(ER) = (DPS³ × TDO)^(1/4),,,,,
2024. 9. 2.,CP (Lv. 40),,1열,레벨 40,2열,포켓몬,3열,4열,일반공격,5열,6열,차징공격,DPS,TDO,D3T,ER,DPS(%),TDO(%),종합(%)▼,속성,순위,DPS BAR
,,,,,,,,,,,,,,,0.0,0.00,0.0,0.0,0.0,,#0,
게,4178,DM,,,,네크로즈마(황혼의갈기),,강철,메탈클로,,강철,메테오드라이브**,24.5,858.8,12620.3,59.60,85.8,79.7,84.2,강철,#1,
임,,S,,,,그림자 메타그로스,,강철,불릿펀치,,강철,코멧펀치*,22.0,633.5,6734.5,50.94,77.1,58.8,72.0,강철,#2,
프,,S,,,,그림자 몰드류,,강철,메탈클로,,강철,아이언헤드,18.9,404.1,2720.0,40.61,66.2,37.5,57.4,강철,#3,
레,,,,,,디아루가,,강철,메탈클로,,강철,아이언헤드,16.2,560.5,2402.5,39.37,56.9,52.0,55.6,강철,#4,
스,,,,,,메타그로스,,강철,불릿펀치,,강철,코멧펀치*,18.2,627.8,3760.5,44.04,63.6,58.2,62.2,강철,#5,
,,M,,,,루카리오(메가),,강철,불릿펀치,,강철,러스터캐논,16.3,400.7,1720.0,36.21,57.0,37.2,51.2,강철,#6,
,,M,,,,루카리오(메가),,격투,발경*,,격투,파동탄,26.6,656.3,12377.4,59.31,93.3,60.9,83.8,격투,#1,
데,,,,,,테라키온,,격투,두번차기,,격투,성스러운칼*,19.3,621.2,4470.0,45.98,67.7,57.6,65.0,격투,#2,
이,,S,,,,그림자 노보청,,격투,카운터,,격투,폭발펀치,20.1,499.2,4065.9,44.90,70.5,46.3,63.5,격투,#3,
터,,M,,,,번치코(메가),,격투,카운터,,격투,기합구슬,20.3,528.7,4428.0,45.87,71.2,49.0,64.8,격투,#4,
,4336,M,,,,헤라크로스(메가),,격투,카운터,,격투,인파이트,19.5,661.5,4933.7,47.13,68.5,61.4,66.6,격투,#5,
기,4455,S,,,,그림자 괴력몬,,격투,카운터,,격투,폭발펀치,19.2,429.1,3040.4,41.76,67.3,39.8,59.0,격투,#6,
준,4161,,,,,루카리오,,격투,발경*,,격투,파동탄,19.1,394.4,2754.6,40.74,67.0,36.6,57.6,격투,#7,
,,,,,,노보청,,격투,카운터,,격투,폭발펀치,16.6,493.7,2250.2,38.73,58.1,45.8,54.7,격투,#8,
성,4510,DW,,,,네크로즈마(새벽의날개),,고스트,섀도클로,,고스트,섀도레이**,22.6,793.9,9216.5,55.10,79.4,73.6,77.9,고스트,#1,
능,5031,M,,,,팬텀(메가),,고스트,섀도클로,,고스트,섀도볼,23.3,588.1,7432.4,52.21,81.6,54.5,73.8,고스트,#2,
순,,S,,,,그림자 뮤츠,,에스퍼,사이코커터,,고스트,섀도볼*,21.3,557.0,5419.1,48.25,74.8,51.7,68.2,고스트,#3,
,4401,S,,,,그림자 샹델라,,고스트,병상첨병,,고스트,섀도볼,21.4,413.7,4032.3,44.81,74.9,38.4,63.3,고스트,#4,
목,3791,,,,,다크라이,,악,바크아웃,,고스트,섀도볼,17.4,481.6,2547.6,39.95,61.1,44.7,56.5,고스트,#5,
록,4336,M,,,,팬텀(메가),,고스트,핥기*,,독,오물폭탄,22.4,565.9,6371.5,50.24,78.5,52.5,71.0,독,#1,
,5007,M,,,,독침붕(메가),,독,독찌르기,,독,오물폭탄,20.2,406.0,3328.6,42.71,70.7,37.7,60.4,독,#2,
,,,,,,텅비드,,독,독찌르기,,독,오물폭탄,16.7,663.8,3076.7,41.88,58.4,61.6,59.2,독,#3,
,,,,,,아고용,,독,독찌르기,,독,오물폭탄,17.7,409.4,2254.5,38.75,61.9,38.0,54.8,독,#4,
,3749,M,,,,레쿠쟈(메가),,드래곤,드래곤테일,,드래곤,와이드브레이커*,25.5,965.0,16072.7,63.32,89.5,89.5,89.5,드래곤,#1,
,,M,,,,한카리아스(메가),,드래곤,드래곤테일,,드래곤,역린,21.7,907.3,9294.2,55.21,76.1,84.1,78.0,드래곤,#2,
,,,,,,펄기아(오리진),,드래곤,드래곤테일,,드래곤,공간절단**,20.6,695.4,6112.8,49.72,72.3,64.5,70.3,드래곤,#3,
,,M,,,,보만다(메가),,드래곤,드래곤테일,,드래곤,역린*,19.8,844.8,6569.6,50.63,69.4,78.4,71.6,드래곤,#4,
,,S,,,,그림자 보만다,,드래곤,드래곤테일,,드래곤,역린*,22.1,539.3,5788.0,49.05,77.3,50.0,69.3,드래곤,#5,
,4056,S,,,,그림자 한카리아스,,드래곤,드래곤테일,,드래곤,역린,20.7,633.5,5646.7,48.75,72.7,58.8,68.9,드래곤,#6,
,5007,M,,,,라티오스(메가),,드래곤,용의숨결,,드래곤,드래곤클로,19.3,702.1,5030.2,47.36,67.6,65.1,66.9,드래곤,#7,
,4178,,,,,디아루가(오리진),,드래곤,용의숨결,,드래곤,시간의포효**,19.6,717.9,5399.7,48.20,68.7,66.6,68.1,드래곤,#8,
,,PO,,,,그란돈(원시),,땅,머드샷,,땅,단애의칼*,21.9,1001.6,10503.0,56.93,76.7,92.9,80.5,땅,#1,
,,S,,,,그림자 그란돈,,땅,머드샷,,땅,단애의칼*,20.5,634.7,5492.9,48.41,72.0,58.9,68.4,땅,#2,
,,M,,,,한카리아스(메가),,땅,머드샷,,땅,대지의힘*,20.2,844.7,6983.1,51.41,70.9,78.3,72.7,땅,#3,
,,,,,,그란돈,,땅,머드샷,,땅,단애의칼*,17.2,636.9,3222.8,42.37,60.2,59.1,59.9,땅,#4,
,4161,S,,,,그림자 한카리아스,,땅,머드샷,,땅,대지의힘*,19.4,593.4,4346.7,45.66,68.1,55.0,64.5,땅,#5,
,3698,,,,,랜드로스(영물폼),,땅,머드샷,,땅,열사의폭풍*,19.1,565.9,3946.2,44.57,67.0,52.5,63.0,땅,#6,
,,S,,,,그림자 몰드류,,땅,진흙뿌리기,,땅,열사의대지,20.3,433.6,3606.9,43.58,71.0,40.2,61.6,땅,#7,
,3465,M,,,,대짱이(메가),,땅,머드샷,,땅,지진,16.4,634.6,2775.2,40.82,57.3,58.9,57.7,땅,#8,
,3941,S,,,,그림자 맘모꾸리,,땅,진흙뿌리기,,땅,10만마력,19.0,454.4,3112.3,42.00,66.6,42.1,59.4,땅,#9,
,,PA,,,,가이오가(원시),,물,폭포오르기,,물,근원의파동*,22.0,1008.8,10807.8,57.34,77.3,93.6,81.0,물,#1,
,,S,,,,그림자 가이오가,,물,폭포오르기,,물,근원의파동*,20.7,639.1,5645.7,48.74,72.4,59.3,68.9,물,#2,
,,,,,,가이오가,,물,폭포오르기,,물,근원의파동*,17.2,638.3,3250.8,42.46,60.3,59.2,60.0,물,#3,
,,M,,,,대짱이(메가),,물,물대포,,물,하이드로캐논*,19.9,774.0,6140.1,49.78,69.9,71.8,70.4,물,#4,
,,M,,,,거북왕(메가),,물,물대포,,물,하이드로캐논*,18.5,657.4,4175.2,45.20,64.9,61.0,63.9,물,#5,
,4510,,,,,샤미드,,물,물대포,,물,하이드로펌프,12.7,453.2,929.9,31.05,44.5,42.0,43.9,물,#6,
,,M,,,,마기라스(메가),,바위,떨어뜨리기*,,바위,스톤에지,17.4,842.7,4430.2,45.88,60.9,78.2,64.8,바위,#1,
,3452,S,,,,그림자 램펄드,,바위,떨어뜨리기,,바위,스톤샤워,22.2,372.8,4088.2,44.97,77.9,34.6,63.6,바위,#2,
,,S,,,,그림자 거대코뿌리,,바위,떨어뜨리기,,바위,암석포*,19.6,618.4,4663.4,46.47,68.7,57.4,65.7,바위,#3,
,3677,S,,,,그림자 마기라스,,바위,떨어뜨리기,,바위,스톤에지,17.4,535.2,2804.9,40.92,60.9,49.6,57.8,바위,#4,
,,,,,,램펄드,,바위,떨어뜨리기,,바위,스톤샤워,18.2,366.8,2217.5,38.59,63.8,34.0,54.5,바위,#5,
,3791,M,,,,디안시(메가),,바위,돌떨구기,,바위,스톤샤워,20.1,528.8,4262.8,45.44,70.3,49.0,64.2,바위,#6,
,,,,#N/A,,거대코뿌리,,바위,떨어뜨리기,,바위,암석포*,16.1,610.7,2567.2,40.03,56.6,56.6,56.6,바위,#7,
,,M,,,,프테라(메가),,바위,돌떨구기,,바위,스톤샤워,17.5,561.5,3030.5,41.72,61.5,52.1,59.0,바위,#8,
,3328,M,,,,쁘사이저(메가),,벌레,연속자르기,,벌레,시저크로스,18.0,545.8,3163.5,42.17,63.0,50.6,59.6,벌레,#1,
,,M,,,,헤라크로스(메가),,벌레,벌레의저항,,벌레,메가혼,17.8,603.9,3426.0,43.02,62.5,56.0,60.8,벌레,#2,
,,,,,,페로코체,,벌레,벌레먹기,,벌레,벌레의야단법석,20.3,265.7,2208.3,38.55,71.0,24.6,54.5,벌레,#3,
,3698,,,,,불카모스,,벌레,벌레먹기,,벌레,벌레의야단법석,16.3,491.3,2124.6,38.18,57.1,45.6,54.0,벌레,#4,
,,M,,,,독침붕(메가),,벌레,벌레먹기*,,벌레,시저크로스,18.2,366.3,2205.4,38.54,63.8,34.0,54.5,벌레,#5,
,3328,M,,,,핫삼(메가),,벌레,연속자르기,,벌레,시저크로스,16.5,568.0,2559.4,40.00,57.9,52.7,56.5,벌레,#6,
,3056,M,,,,번치코(메가),,불꽃,회오리불꽃,,불꽃,블레이즈킥,23.8,620.0,8375.3,53.80,83.5,57.5,76.0,불꽃,#1,
,3842,M,,,,리자몽(메가Y),,불꽃,회오리불꽃,,불꽃,블라스트번*,22.8,721.2,8521.0,54.03,79.8,66.9,76.4,불꽃,#2,
,,,,,,레시라무,,불꽃,불꽃엄니,,불꽃,크로스플레임*,19.4,668.6,4863.6,46.96,67.9,62.0,66.4,불꽃,#3,
,4118,S,,,,그림자 히드런,,불꽃,회오리불꽃,,불꽃,마그마스톰*,20.8,615.0,5551.1,48.54,73.0,57.0,68.6,불꽃,#4,
,4178,,,,,부스터,,불꽃,회오리불꽃,,불꽃,오버히트,15.9,381.2,1534.0,35.19,55.7,35.4,49.7,불꽃,#5,
,,M,,,,레쿠쟈(메가),,비행,에어슬래시,,비행,화룡점정**,28.5,1078.2,25051.5,70.75,100.0,100.0,100.0,비행,#1,
,,,,,,레쿠쟈,,비행,에어슬래시,,비행,화룡점정**,22.2,649.9,7112.5,51.64,77.8,60.3,73.0,비행,#2,
,3383,S,,,,그림자 파이어,,비행,날개치기,,비행,불새*,,,0.0,0.00,0.0,0.0,0.0,비행,#3,
,,M,,,,마기라스(메가),,악,물기,,악,세차게휘두르기,,,0.0,0.00,0.0,0.0,0.0,악,#1,
,3625,S,,,,그림자 마기라스,,악,물기,,악,세차게휘두르기,,,0.0,0.00,0.0,0.0,0.0,악,#2,
,,M,,,,헬가(메가),,악,바크아웃,,악,속임수,,,0.0,0.00,0.0,0.0,0.0,악,#3,
,4717,M,,,,갸라도스(메가),,악,물기,,악,깨물어부수기,,,0.0,0.00,0.0,0.0,0.0,악,#4,
,3949,S,,,,그림자 포푸니라,,악,바크아웃,,악,속임수,,,0.0,0.00,0.0,0.0,0.0,악,#5,
,,,,,,삼삼드래,,악,물기,,악,세차게휘두르기*,,,0.0,0.00,0.0,0.0,0.0,악,#6,
,3834,,,,,블래키,,악,바크아웃,,악,속임수,,,0.0,0.00,0.0,0.0,0.0,악,#7,
,3005,S,,,,그림자 맘모꾸리,,얼음,눈싸라기,,얼음,눈사태,,,0.0,0.00,0.0,0.0,0.0,얼음,#1,
,4401,S,,,,그림자 포푸니라,,얼음,얼음뭉치,,얼음,눈사태,,,0.0,0.00,0.0,0.0,0.0,얼음,#2,
,,S,,,,그림자 뮤츠,,에스퍼,사이코커터,,얼음,냉동빔,,,0.0,0.00,0.0,0.0,0.0,얼음,#3,
,,,,,,드닐레이브,,얼음,얼음엄니,,얼음,눈사태,,,0.0,0.00,0.0,0.0,0.0,얼음,#4,
,3739,M,,,,얼음귀신(메가),,얼음,얼음숨결,,얼음,눈사태,,,0.0,0.00,0.0,0.0,0.0,얼음,#5,
,3733,,,,,글레이시아,,얼음,얼음숨결,,얼음,눈사태,,,0.0,0.00,0.0,0.0,0.0,얼음,#6,
,3005,S,,,,그림자 뮤츠,,에스퍼,사이코커터,,에스퍼,사이코브레이크*,25.8,672.2,11495.8,58.23,90.3,62.3,82.3,에스퍼,#1,
,,M,,,,후딘(메가),,에스퍼,염동력,,에스퍼,사이코키네시스,,,0.0,0.00,0.0,0.0,0.0,에스퍼,#2,
,,M,,,,라티오스(메가),,에스퍼,사념의박치기,,에스퍼,사이코키네시스,,,0.0,0.00,0.0,0.0,0.0,에스퍼,#3,
,,M,,,,엘레이드(메가) | 미출현,,에스퍼,염동력,,에스퍼,사이코키네시스,,,0.0,0.00,0.0,0.0,0.0,에스퍼,#4,
,3093,,,,,에브이,,에스퍼,염동력,,에스퍼,사이코키네시스,,,0.0,0.00,0.0,0.0,0.0,에스퍼,#5,
,3298,S,,,,그림자 자포코일,,전기,스파크,,전기,와일드볼트,,,0.0,0.00,0.0,0.0,0.0,전기,#1,
,2842,S,,,,그림자 라이코,,전기,전기쇼크,,전기,와일드볼트,,,0.0,0.00,0.0,0.0,0.0,전기,#2,
,,,,,,제크로무,,전기,차지빔,,전기,크로스썬더*,,,0.0,0.00,0.0,0.0,0.0,전기,#3,
,,,,,,전수목,,전기,전기쇼크,,전기,방전,,,0.0,0.00,0.0,0.0,0.0,전기,#4,
,,,,,,볼트로스(영물폼),,전기,볼트체인지,,전기,번개폭풍*,,,0.0,0.00,0.0,0.0,0.0,전기,#5,
,4162,M,,,,전룡(메가),,전기,볼트체인지,,전기,전자포,,,0.0,0.00,0.0,0.0,0.0,전기,#6,
,,,,,,쥬피썬더,,전기,전기쇼크,,전기,10만볼트,,,0.0,0.00,0.0,0.0,0.0,전기,#7,
,4087,M,,,,가디안(메가),,페어리,애교부리기,,페어리,매지컬샤인,,,0.0,0.00,0.0,0.0,0.0,페어리,#1,
,,M,,,,후딘(메가),,에스퍼,염동력,,페어리,매지컬샤인*,,,0.0,0.00,0.0,0.0,0.0,페어리,#2,
,,S,,,,그림자 가디안,,페어리,애교부리기,,페어리,매지컬샤인,,,0.0,0.00,0.0,0.0,0.0,페어리,#3,
,3229,,,,,러브로스(화신폼),,페어리,요정의바람,,페어리,매지컬샤인,,,0.0,0.00,0.0,0.0,0.0,페어리,#4,
,,,,,,제르네아스,,페어리,지오컨트롤*,,페어리,문포스,,,0.0,0.00,0.0,0.0,0.0,페어리,#5,
,,,,,,토게키스,,페어리,애교부리기,,페어리,매지컬샤인,,,0.0,0.00,0.0,0.0,0.0,페어리,#6,
,3332,,,,,님피아,,페어리,애교부리기,,페어리,매지컬샤인,,,0.0,0.00,0.0,0.0,0.0,페어리,#7,
,,M,,,,나무킹(메가),,풀,씨기관총,,풀,하드플랜트*,,,0.0,0.00,0.0,0.0,0.0,풀,#1,
,,M,,,,이상해꽃(메가),,풀,덩굴채찍,,풀,하드플랜트*,,,0.0,0.00,0.0,0.0,0.0,풀,#2,
,,,,,,종이신도,,풀,잎날가르기,,풀,리프블레이드,,,0.0,0.00,0.0,0.0,0.0,풀,#3,
,,,,,,쉐이미(스카이폼),,풀,매지컬리프,,풀,풀묶기,,,0.0,0.00,0.0,0.0,0.0,풀,#4,